MD/m ,TVDSS/m ,PP,CP,CP-Time,LCP,FP,PP,CP,CP-Time,LCP,FP,E,Poissons ration,Friction Angle,UCS
,,SG,SG,SG,SG,SG,psi,psi,psi,psi,psi,GPa,/,Friction Angle,SG
350,350,1.05 ,1.24 ,1.32 ,1.57 ,1.650744545,533.5,630.6,671.2,798.8,838.0,0.42 ,0.27 ,45.47 ,0.730050692
352,352,1.05 ,1.24 ,1.32 ,1.57 ,1.651237613,536.6,634.3,675.2,803.6,843.0,0.43 ,0.27 ,45.47 ,0.733738879
354,354,1.05 ,1.24 ,1.32 ,1.57 ,1.651723899,539.6,638.6,679.7,808.4,848.1,0.43 ,0.27 ,45.47 ,0.709974697
356,356,1.05 ,1.24 ,1.32 ,1.57 ,1.65201134,542.7,642.2,683.5,813.1,853.0,0.44 ,0.27 ,45.47 ,0.718065518
358,358,1.05 ,1.25 ,1.33 ,1.57 ,1.651954289,545.8,647.5,689.1,817.7,857.8,0.44 ,0.27 ,45.48 ,0.639207649
360,360,1.05 ,1.25 ,1.33 ,1.57 ,1.651761414,548.8,653.2,695.0,822.1,862.4,0.43 ,0.27 ,45.49 ,0.538641142
362,362,1.05 ,1.25 ,1.33 ,1.57 ,1.651457446,551.9,654.7,696.7,826.6,867.1,0.45 ,0.27 ,45.48 ,0.645656836
364,364,1.05 ,1.25 ,1.33 ,1.57 ,1.651474015,555.0,660.7,702.9,831.2,871.9,0.44 ,0.27 ,45.49 ,0.534706356
366,366,1.05 ,1.25 ,1.33 ,1.57 ,1.650919622,558.0,661.8,704.3,835.5,876.4,0.46 ,0.27 ,45.48 ,0.65265117
368,368,1.05 ,1.24 ,1.32 ,1.57 ,1.651073415,561.1,664.4,707.1,840.1,881.2,0.47 ,0.27 ,45.47 ,0.71056137
370,370,1.05 ,1.24 ,1.32 ,1.57 ,1.651508844,564.2,666.4,709.3,844.9,886.3,0.49 ,0.27 ,45.46 ,0.799042238
372,372,1.05 ,1.24 ,1.32 ,1.58 ,1.652228841,567.3,670.7,713.9,849.8,891.4,0.49 ,0.27 ,45.47 ,0.776301979
374,374,1.05 ,1.25 ,1.33 ,1.58 ,1.65255745,570.3,677.3,720.7,854.5,896.4,0.48 ,0.27 ,45.48 ,0.636160013
376,376,1.05 ,1.25 ,1.33 ,1.58 ,1.652245098,573.4,680.9,724.6,858.9,901.0,0.49 ,0.27 ,45.48 ,0.638251332
378,378,1.05 ,1.25 ,1.33 ,1.57 ,1.651984836,576.5,684.2,728.0,863.4,905.7,0.49 ,0.27 ,45.48 ,0.659712682
380,380,1.05 ,1.25 ,1.33 ,1.58 ,1.652319041,579.5,686.7,730.8,868.1,910.7,0.51 ,0.27 ,45.47 ,0.721996685
382,382,1.05 ,1.25 ,1.33 ,1.58 ,1.652448146,582.6,691.5,735.8,872.7,915.5,0.51 ,0.27 ,45.48 ,0.669323355
384,384,1.05 ,1.25 ,1.33 ,1.58 ,1.652635016,585.7,693.7,738.3,877.4,920.4,0.52 ,0.27 ,45.47 ,0.74174287
386,386,1.05 ,1.25 ,1.33 ,1.58 ,1.65300852,588.8,698.7,743.5,882.2,925.4,0.52 ,0.27 ,45.48 ,0.683711858
388,388,1.05 ,1.25 ,1.33 ,1.58 ,1.653229406,591.8,700.9,745.9,886.8,930.4,0.53 ,0.27 ,45.47 ,0.763016238
390,390,1.05 ,1.25 ,1.33 ,1.58 ,1.653651239,594.9,704.8,750.1,891.6,935.4,0.54 ,0.27 ,45.47 ,0.754573987
392,392,1.05 ,1.25 ,1.33 ,1.58 ,1.654006456,598.0,708.8,754.2,896.4,940.4,0.55 ,0.27 ,45.47 ,0.74721915
394,394,1.05 ,1.25 ,1.33 ,1.58 ,1.654278766,601.1,712.5,758.2,901.1,945.3,0.55 ,0.27 ,45.47 ,0.751086741
396,396,1.05 ,1.25 ,1.33 ,1.58 ,1.654576142,604.2,716.7,762.6,905.8,950.3,0.56 ,0.27 ,45.47 ,0.729043336
398,398,1.05 ,1.25 ,1.33 ,1.58 ,1.655177462,607.2,719.9,766.0,910.7,955.5,0.57 ,0.27 ,45.47 ,0.761417619
400,400,1.05 ,1.25 ,1.33 ,1.58 ,1.655401599,610.3,725.0,771.4,915.4,960.4,0.56 ,0.27 ,45.47 ,0.695497716
402,402,1.05 ,1.25 ,1.33 ,1.58 ,1.65559487,613.4,727.1,773.8,920.1,965.3,0.58 ,0.27 ,45.47 ,0.773384263
404,404,1.05 ,1.25 ,1.33 ,1.58 ,1.656051525,616.5,731.5,778.4,924.9,970.4,0.58 ,0.27 ,45.47 ,0.746530356
406,406,1.05 ,1.25 ,1.33 ,1.58 ,1.656047402,619.6,734.4,781.5,929.4,975.2,0.59 ,0.27 ,45.47 ,0.7867905
408,408,1.05 ,1.25 ,1.33 ,1.58 ,1.656391409,622.6,739.0,786.3,934.2,980.2,0.59 ,0.27 ,45.47 ,0.747611725
410,410,1.05 ,1.25 ,1.33 ,1.58 ,1.656445044,625.7,742.0,789.5,938.8,985.0,0.60 ,0.27 ,45.47 ,0.784025365
412,412,1.05 ,1.25 ,1.33 ,1.58 ,1.656761791,628.8,745.8,793.6,943.6,990.0,0.61 ,0.27 ,45.47 ,0.780456141
414,414,1.05 ,1.26 ,1.34 ,1.58 ,1.656654595,631.9,754.1,802.1,948.1,994.8,0.58 ,0.27 ,45.49 ,0.556129518
416,416,1.05 ,1.25 ,1.33 ,1.58 ,1.656457837,634.9,752.9,801.2,952.6,999.4,0.62 ,0.27 ,45.46 ,0.792916648
418,418,1.05 ,1.25 ,1.33 ,1.58 ,1.656845323,638.0,756.7,805.2,957.4,1004.5,0.62 ,0.27 ,45.46 ,0.794497236
420,420,1.05 ,1.25 ,1.33 ,1.58 ,1.657214375,641.1,762.9,811.6,962.1,1009.5,0.62 ,0.27 ,45.48 ,0.67882979
422,422,1.05 ,1.25 ,1.33 ,1.58 ,1.65725699,644.2,764.6,813.5,966.7,1014.3,0.63 ,0.27 ,45.47 ,0.778837531
424,424,1.05 ,1.25 ,1.33 ,1.58 ,1.657505906,647.3,767.3,816.5,971.5,1019.3,0.64 ,0.27 ,45.46 ,0.830834844
426,426,1.05 ,1.25 ,1.33 ,1.58 ,1.657907422,650.3,770.9,820.3,976.3,1024.4,0.65 ,0.27 ,45.46 ,0.842279278
428,428,1.05 ,1.25 ,1.33 ,1.58 ,1.658363338,653.4,774.6,824.3,981.1,1029.5,0.66 ,0.27 ,45.46 ,0.846516919
430,430,1.05 ,1.25 ,1.33 ,1.58 ,1.658785603,656.5,779.1,829.0,985.9,1034.5,0.66 ,0.27 ,45.46 ,0.810971627
432,432,1.05 ,1.25 ,1.33 ,1.58 ,1.659189852,659.6,781.7,831.9,990.7,1039.6,0.67 ,0.27 ,45.46 ,0.87106547
434,434,1.05 ,1.25 ,1.33 ,1.58 ,1.659628827,662.7,785.8,836.2,995.5,1044.7,0.68 ,0.27 ,45.46 ,0.858880912
436,436,1.05 ,1.25 ,1.33 ,1.58 ,1.660134258,665.8,790.6,841.2,1000.4,1049.8,0.68 ,0.27 ,45.46 ,0.812556392
438,438,1.05 ,1.25 ,1.33 ,1.58 ,1.660475727,668.9,794.8,845.6,1005.2,1054.8,0.68 ,0.27 ,45.46 ,0.794515608
440,440,1.05 ,1.25 ,1.33 ,1.58 ,1.66080614,672.0,800.1,851.2,1010.0,1059.9,0.68 ,0.27 ,45.47 ,0.716683215
442,442,1.05 ,1.25 ,1.33 ,1.58 ,1.66041682,675.0,803.9,855.2,1014.3,1064.4,0.68 ,0.27 ,45.47 ,0.708532207
444,444,1.05 ,1.25 ,1.33 ,1.58 ,1.660600867,678.1,804.0,855.5,1019.0,1069.4,0.71 ,0.27 ,45.45 ,0.893515226
446,446,1.05 ,1.25 ,1.33 ,1.58 ,1.661142252,681.2,808.1,859.8,1023.9,1074.5,0.71 ,0.27 ,45.46 ,0.880048647
448,448,1.05 ,1.25 ,1.33 ,1.58 ,1.661635669,684.3,811.3,863.3,1028.8,1079.7,0.72 ,0.27 ,45.45 ,0.909226713
450,450,1.05 ,1.25 ,1.33 ,1.58 ,1.662188764,687.4,815.0,867.2,1033.7,1084.9,0.73 ,0.27 ,45.45 ,0.919381666
452,452,1.05 ,1.25 ,1.33 ,1.58 ,1.662731239,690.5,819.2,871.6,1038.6,1090.0,0.74 ,0.27 ,45.45 ,0.902612766
454,454,1.05 ,1.25 ,1.33 ,1.58 ,1.66323686,693.6,823.2,875.9,1043.5,1095.2,0.74 ,0.27 ,45.45 ,0.894527303
456,456,1.05 ,1.25 ,1.33 ,1.58 ,1.663499842,696.7,827.0,879.9,1048.2,1100.2,0.75 ,0.27 ,45.45 ,0.896817298
458,458,1.05 ,1.25 ,1.33 ,1.59 ,1.664002868,699.7,830.9,884.1,1053.1,1105.4,0.75 ,0.27 ,45.45 ,0.890721999
460,460,1.05 ,1.25 ,1.33 ,1.59 ,1.664416774,702.8,834.7,888.1,1058.0,1110.5,0.76 ,0.27 ,45.45 ,0.893537461
462,462,1.05 ,1.25 ,1.33 ,1.59 ,1.664821845,705.9,838.3,891.9,1062.8,1115.6,0.77 ,0.27 ,45.45 ,0.90514269
464,464,1.05 ,1.25 ,1.33 ,1.59 ,1.665265812,709.0,841.9,895.7,1067.7,1120.7,0.77 ,0.27 ,45.45 ,0.917828848
466,466,1.05 ,1.25 ,1.33 ,1.59 ,1.665783469,712.1,845.3,899.4,1072.6,1125.9,0.78 ,0.27 ,45.45 ,0.941302243
468,468,1.05 ,1.25 ,1.33 ,1.59 ,1.666366954,715.2,850.1,904.4,1077.5,1131.1,0.78 ,0.27 ,45.45 ,0.896501482
470,470,1.05 ,1.25 ,1.33 ,1.59 ,1.666850579,718.3,853.2,907.7,1082.4,1136.3,0.79 ,0.27 ,45.45 ,0.935353749
472,472,1.05 ,1.26 ,1.34 ,1.59 ,1.667073635,721.4,859.9,914.7,1087.2,1141.2,0.78 ,0.27 ,45.47 ,0.788287214
474,474,1.05 ,1.25 ,1.33 ,1.59 ,1.667130691,724.5,862.7,917.7,1091.8,1146.1,0.79 ,0.27 ,45.46 ,0.836308473
476,476,1.05 ,1.25 ,1.33 ,1.59 ,1.667348961,727.6,865.2,920.4,1096.5,1151.1,0.81 ,0.27 ,45.45 ,0.902218079
478,478,1.05 ,1.26 ,1.34 ,1.59 ,1.667668221,730.7,870.1,925.5,1101.3,1156.2,0.80 ,0.27 ,45.46 ,0.848169733
480,480,1.05 ,1.25 ,1.33 ,1.59 ,1.667853078,733.8,872.7,928.4,1106.1,1161.1,0.82 ,0.27 ,45.45 ,0.906212737
482,482,1.05 ,1.25 ,1.33 ,1.59 ,1.668219313,736.8,874.8,930.7,1110.9,1166.2,0.83 ,0.27 ,45.44 ,0.990891141
484,484,1.05 ,1.25 ,1.33 ,1.59 ,1.668743099,739.9,880.3,936.4,1115.8,1171.4,0.83 ,0.27 ,45.45 ,0.912352354
486,486,1.05 ,1.25 ,1.33 ,1.59 ,1.669204335,743.0,883.2,939.6,1120.7,1176.6,0.84 ,0.27 ,45.45 ,0.957545552
488,488,1.05 ,1.25 ,1.33 ,1.59 ,1.669712496,746.1,887.9,944.5,1125.7,1181.8,0.84 ,0.27 ,45.45 ,0.91700112
490,490,1.05 ,1.26 ,1.34 ,1.59 ,1.669911019,749.2,893.5,950.4,1130.4,1186.8,0.83 ,0.27 ,45.46 ,0.825946911
492,492,1.05 ,1.26 ,1.34 ,1.59 ,1.669926703,752.3,897.9,954.9,1135.0,1191.6,0.84 ,0.27 ,45.46 ,0.797603697
494,494,1.05 ,1.26 ,1.34 ,1.59 ,1.669821839,755.4,902.1,959.4,1139.6,1196.4,0.84 ,0.27 ,45.47 ,0.769508457
496,496,1.05 ,1.26 ,1.34 ,1.59 ,1.669774125,758.5,903.3,960.9,1144.1,1201.2,0.86 ,0.27 ,45.45 ,0.895793536
498,498,1.05 ,1.25 ,1.33 ,1.59 ,1.669960594,761.6,905.4,963.1,1148.9,1206.2,0.87 ,0.27 ,45.45 ,0.981821846
500,500,1.05 ,1.26 ,1.34 ,1.59 ,1.670456521,764.7,912.0,970.0,1153.8,1211.4,0.86 ,0.27 ,45.46 ,0.845851454
502,502,1.05 ,1.26 ,1.34 ,1.59 ,1.670560503,767.8,916.7,974.9,1158.5,1216.3,0.86 ,0.27 ,45.46 ,0.798511467
504,504,1.05 ,1.26 ,1.34 ,1.59 ,1.670413973,770.8,919.8,978.3,1163.0,1221.1,0.87 ,0.27 ,45.46 ,0.829370423
506,506,1.05 ,1.26 ,1.34 ,1.59 ,1.670196138,773.9,925.0,983.7,1167.5,1225.7,0.86 ,0.27 ,45.47 ,0.750929246
508,508,1.05 ,1.26 ,1.34 ,1.59 ,1.670191541,777.0,925.6,984.5,1172.1,1230.6,0.88 ,0.27 ,45.45 ,0.908724758
510,510,1.05 ,1.26 ,1.34 ,1.59 ,1.670313443,780.1,932.3,991.5,1176.8,1235.5,0.87 ,0.27 ,45.47 ,0.763685797
512,512,1.05 ,1.26 ,1.34 ,1.59 ,1.670098288,783.2,933.7,993.2,1181.2,1240.2,0.89 ,0.27 ,45.46 ,0.873314139
514,514,1.05 ,1.25 ,1.33 ,1.59 ,1.670088423,786.3,935.1,994.7,1185.9,1245.0,0.91 ,0.27 ,45.44 ,0.992574321
516,516,1.05 ,1.25 ,1.33 ,1.59 ,1.670583614,789.4,937.3,997.2,1190.8,1250.3,0.92 ,0.27 ,45.44 ,1.075291685
518,518,1.05 ,1.25 ,1.33 ,1.59 ,1.671169774,792.5,942.2,1002.3,1195.8,1255.5,0.92 ,0.27 ,45.44 ,1.026576363
520,520,1.05 ,1.25 ,1.33 ,1.59 ,1.671759592,795.6,946.1,1006.4,1200.8,1260.8,0.93 ,0.27 ,45.44 ,1.028092485
522,522,1.05 ,1.26 ,1.34 ,1.59 ,1.67225833,798.7,951.4,1011.9,1205.7,1266.1,0.93 ,0.27 ,45.45 ,0.957887685
524,524,1.06 ,1.25 ,1.33 ,1.59 ,1.672559422,801.8,951.8,1012.6,1210.6,1271.1,0.95 ,0.27 ,45.43 ,1.126004936
526,526,1.06 ,1.26 ,1.34 ,1.59 ,1.673226671,804.9,958.3,1019.3,1215.6,1276.5,0.95 ,0.27 ,45.44 ,1.002204696
528,528,1.06 ,1.26 ,1.34 ,1.59 ,1.673493888,808.0,964.4,1025.7,1220.4,1281.6,0.93 ,0.27 ,45.46 ,0.885583548
530,530,1.06 ,1.26 ,1.34 ,1.59 ,1.673683075,811.1,965.4,1026.9,1225.2,1286.6,0.96 ,0.27 ,45.44 ,1.024495176
532,532,1.06 ,1.26 ,1.34 ,1.59 ,1.674130729,814.2,969.5,1031.2,1230.1,1291.8,0.96 ,0.27 ,45.44 ,1.01594732
534,534,1.06 ,1.26 ,1.34 ,1.59 ,1.674520268,817.3,972.7,1034.7,1235.0,1296.9,0.97 ,0.27 ,45.44 ,1.048224614
536,536,1.06 ,1.26 ,1.34 ,1.59 ,1.674987306,820.4,976.6,1038.8,1239.9,1302.1,0.98 ,0.27 ,45.44 ,1.047357157
538,538,1.06 ,1.26 ,1.34 ,1.60 ,1.675449634,823.5,980.3,1042.7,1244.9,1307.4,0.98 ,0.27 ,45.44 ,1.056960935
540,540,1.06 ,1.26 ,1.34 ,1.60 ,1.6759527,826.6,983.4,1046.0,1249.8,1312.6,1.00 ,0.27 ,45.43 ,1.097134555
542,542,1.06 ,1.26 ,1.34 ,1.60 ,1.676460545,829.7,987.8,1050.7,1254.8,1317.9,1.00 ,0.27 ,45.44 ,1.070748148
544,544,1.06 ,1.26 ,1.34 ,1.60 ,1.676921017,832.8,991.8,1054.9,1259.8,1323.1,1.00 ,0.27 ,45.44 ,1.066287626
546,546,1.06 ,1.26 ,1.34 ,1.60 ,1.677373607,836.0,995.4,1058.8,1264.7,1328.3,1.01 ,0.27 ,45.44 ,1.078740932
548,548,1.06 ,1.26 ,1.34 ,1.60 ,1.67783063,839.1,999.4,1063.0,1269.6,1333.6,1.02 ,0.27 ,45.44 ,1.073704335
550,550,1.06 ,1.26 ,1.34 ,1.60 ,1.678242086,842.2,1003.5,1067.3,1274.6,1338.7,1.02 ,0.27 ,45.44 ,1.067026159
552,552,1.06 ,1.26 ,1.34 ,1.60 ,1.678673681,845.3,1007.2,1071.2,1279.5,1344.0,1.03 ,0.27 ,45.44 ,1.074129885
554,554,1.06 ,1.26 ,1.34 ,1.60 ,1.67909159,848.4,1010.9,1075.2,1284.4,1349.2,1.03 ,0.27 ,45.44 ,1.083526516
556,556,1.06 ,1.26 ,1.34 ,1.60 ,1.679583137,851.5,1014.2,1078.7,1289.4,1354.4,1.04 ,0.27 ,45.43 ,1.11434561
558,558,1.06 ,1.26 ,1.34 ,1.60 ,1.680009413,854.6,1018.1,1082.8,1294.3,1359.7,1.05 ,0.27 ,45.43 ,1.114334809
560,560,1.06 ,1.26 ,1.34 ,1.60 ,1.680480746,857.7,1021.7,1086.7,1299.3,1364.9,1.06 ,0.27 ,45.43 ,1.125717383
562,562,1.06 ,1.26 ,1.34 ,1.60 ,1.680978839,860.8,1024.9,1090.1,1304.3,1370.2,1.07 ,0.27 ,45.43 ,1.163710075
564,564,1.06 ,1.26 ,1.34 ,1.60 ,1.68154169,863.9,1029.2,1094.6,1309.3,1375.5,1.07 ,0.27 ,45.43 ,1.146941557
566,566,1.06 ,1.26 ,1.34 ,1.60 ,1.682050482,867.1,1032.9,1098.6,1314.4,1380.8,1.08 ,0.27 ,45.43 ,1.155546044
568,568,1.06 ,1.26 ,1.34 ,1.60 ,1.682566612,870.2,1038.4,1104.3,1319.4,1386.1,1.07 ,0.27 ,45.44 ,1.078721086
570,570,1.06 ,1.26 ,1.34 ,1.60 ,1.68294666,873.3,1040.6,1106.8,1324.3,1391.3,1.09 ,0.27 ,45.43 ,1.160351076
572,572,1.06 ,1.26 ,1.34 ,1.60 ,1.683472907,876.4,1044.7,1111.1,1329.3,1396.6,1.09 ,0.27 ,45.43 ,1.153992185
574,574,1.06 ,1.26 ,1.34 ,1.60 ,1.683935711,879.5,1048.9,1115.5,1334.3,1401.9,1.10 ,0.27 ,45.43 ,1.140277199
576,576,1.06 ,1.26 ,1.34 ,1.60 ,1.684361965,882.6,1052.4,1119.2,1339.2,1407.1,1.11 ,0.27 ,45.43 ,1.15875953
578,578,1.06 ,1.26 ,1.34 ,1.60 ,1.684816527,885.7,1056.9,1124.0,1344.2,1412.4,1.11 ,0.27 ,45.43 ,1.12996318
580,580,1.06 ,1.26 ,1.34 ,1.60 ,1.685207566,888.8,1061.0,1128.3,1349.2,1417.6,1.11 ,0.27 ,45.43 ,1.120927823
582,582,1.06 ,1.26 ,1.34 ,1.60 ,1.685599358,892.0,1064.5,1132.0,1354.1,1422.9,1.12 ,0.27 ,45.43 ,1.139713552
584,584,1.06 ,1.26 ,1.34 ,1.60 ,1.685981154,895.1,1069.5,1137.3,1359.0,1428.1,1.12 ,0.27 ,45.44 ,1.083655035
586,586,1.06 ,1.26 ,1.34 ,1.60 ,1.686237771,898.2,1073.5,1141.5,1363.9,1433.2,1.12 ,0.27 ,45.44 ,1.077440237
588,588,1.06 ,1.26 ,1.34 ,1.60 ,1.686546797,901.3,1075.8,1144.0,1368.8,1438.3,1.14 ,0.27 ,45.43 ,1.156073928
590,590,1.06 ,1.26 ,1.34 ,1.61 ,1.686934722,904.4,1079.4,1147.9,1373.7,1443.6,1.14 ,0.27 ,45.43 ,1.167856007
592,592,1.06 ,1.26 ,1.34 ,1.61 ,1.687347304,907.5,1083.9,1152.6,1378.7,1448.8,1.14 ,0.27 ,45.43 ,1.139249113
594,594,1.06 ,1.27 ,1.35 ,1.61 ,1.687680697,910.6,1090.5,1159.4,1383.6,1454.0,1.13 ,0.27 ,45.44 ,1.005816284
596,596,1.06 ,1.27 ,1.35 ,1.61 ,1.687591774,913.7,1097.8,1167.0,1388.2,1458.8,1.10 ,0.27 ,45.46 ,0.825886745
598,598,1.06 ,1.27 ,1.35 ,1.61 ,1.687243158,916.8,1100.7,1170.1,1392.5,1463.4,1.11 ,0.27 ,45.46 ,0.863425725
600,600,1.08 ,1.29 ,1.37 ,1.61 ,1.692864313,942.7,1120.2,1189.9,1404.4,1473.2,1.12 ,0.27 ,45.46 ,0.883649583
602,602,1.08 ,1.28 ,1.36 ,1.61 ,1.692533217,945.9,1121.8,1191.7,1408.8,1477.8,1.14 ,0.27 ,45.44 ,0.989633459
604,604,1.08 ,1.29 ,1.37 ,1.61 ,1.692527317,949.1,1128.0,1198.1,1413.5,1482.7,1.12 ,0.27 ,45.46 ,0.873216144
606,606,1.08 ,1.29 ,1.37 ,1.61 ,1.692230114,952.3,1131.1,1201.4,1418.0,1487.4,1.13 ,0.27 ,45.45 ,0.905254461
608,608,1.08 ,1.29 ,1.37 ,1.61 ,1.691900349,955.5,1136.2,1206.7,1422.4,1492.0,1.12 ,0.27 ,45.46 ,0.838158005
610,610,1.08 ,1.29 ,1.37 ,1.61 ,1.691530253,958.7,1140.2,1211.0,1426.8,1496.6,1.12 ,0.27 ,45.46 ,0.820989763
612,612,1.08 ,1.28 ,1.36 ,1.61 ,1.691114771,961.8,1139.8,1210.8,1431.1,1501.1,1.16 ,0.27 ,45.44 ,1.026880332
614,614,1.08 ,1.28 ,1.36 ,1.61 ,1.69105531,965.1,1143.4,1214.6,1435.8,1505.9,1.16 ,0.26 ,45.44 ,1.03664309
616,616,1.08 ,1.28 ,1.36 ,1.61 ,1.691098639,968.3,1140.8,1212.3,1440.5,1510.9,1.21 ,0.26 ,45.41 ,1.354960848
618,618,1.08 ,1.28 ,1.36 ,1.61 ,1.691618046,971.5,1147.8,1219.5,1445.6,1516.3,1.20 ,0.26 ,45.42 ,1.209677725
620,620,1.08 ,1.28 ,1.36 ,1.61 ,1.691739255,974.7,1153.7,1225.6,1450.3,1521.3,1.19 ,0.26 ,45.43 ,1.109404373
622,622,1.08 ,1.29 ,1.37 ,1.61 ,1.691746583,978.0,1159.6,1231.7,1455.0,1526.2,1.18 ,0.26 ,45.44 ,1.008974646
624,624,1.08 ,1.29 ,1.37 ,1.61 ,1.691789454,981.2,1163.8,1236.2,1459.7,1531.1,1.18 ,0.26 ,45.44 ,0.990162398
626,626,1.08 ,1.28 ,1.36 ,1.61 ,1.691723387,984.4,1164.4,1237.0,1464.4,1536.0,1.21 ,0.26 ,45.43 ,1.152108123
628,628,1.08 ,1.28 ,1.36 ,1.61 ,1.692071476,987.6,1166.7,1239.6,1469.3,1541.2,1.22 ,0.26 ,45.42 ,1.233526745
630,630,1.08 ,1.28 ,1.36 ,1.61 ,1.692330575,990.9,1173.9,1247.0,1474.2,1546.3,1.20 ,0.26 ,45.44 ,1.071299231
632,632,1.08 ,1.29 ,1.37 ,1.61 ,1.692388674,994.1,1178.3,1251.6,1478.9,1551.3,1.20 ,0.26 ,45.44 ,1.046581256
634,634,1.08 ,1.28 ,1.36 ,1.61 ,1.692438721,997.3,1180.6,1254.2,1483.7,1556.3,1.22 ,0.26 ,45.43 ,1.121109222
636,636,1.08 ,1.29 ,1.37 ,1.61 ,1.692475533,1000.5,1186.1,1259.9,1488.4,1561.2,1.21 ,0.26 ,45.44 ,1.038924937
638,638,1.08 ,1.28 ,1.36 ,1.61 ,1.692502324,1003.7,1186.3,1260.4,1493.1,1566.1,1.24 ,0.26 ,45.42 ,1.22114658
640,640,1.08 ,1.28 ,1.36 ,1.61 ,1.692863719,1007.0,1189.4,1263.6,1498.1,1571.4,1.25 ,0.26 ,45.42 ,1.268790772
642,642,1.08 ,1.28 ,1.36 ,1.61 ,1.693219406,1010.2,1193.7,1268.2,1503.0,1576.6,1.26 ,0.26 ,45.42 ,1.253806692
644,644,1.09 ,1.28 ,1.36 ,1.61 ,1.693541921,1013.5,1198.0,1272.7,1508.0,1581.8,1.26 ,0.26 ,45.42 ,1.23566635
646,646,1.09 ,1.28 ,1.36 ,1.61 ,1.693879019,1016.7,1200.2,1275.1,1512.9,1587.1,1.28 ,0.26 ,45.41 ,1.325936847
648,648,1.09 ,1.28 ,1.36 ,1.62 ,1.694351303,1020.0,1205.6,1280.7,1518.0,1592.4,1.27 ,0.26 ,45.42 ,1.259204775
650,650,1.11 ,1.30 ,1.38 ,1.62 ,1.700691357,1048.0,1226.7,1302.2,1531.1,1603.3,1.28 ,0.26 ,45.41 ,1.284888796
652,652,1.11 ,1.30 ,1.38 ,1.62 ,1.700964239,1051.4,1232.7,1308.3,1536.1,1608.5,1.27 ,0.26 ,45.42 ,1.189249296
654,654,1.11 ,1.31 ,1.39 ,1.62 ,1.701211711,1054.8,1238.3,1314.2,1541.0,1613.7,1.26 ,0.26 ,45.43 ,1.111811239
656,656,1.11 ,1.30 ,1.38 ,1.62 ,1.701291223,1058.1,1240.9,1317.0,1545.8,1618.7,1.28 ,0.26 ,45.43 ,1.179453311
658,658,1.11 ,1.30 ,1.38 ,1.62 ,1.701566258,1061.5,1238.4,1314.8,1550.7,1623.9,1.33 ,0.26 ,45.39 ,1.502856584
660,660,1.11 ,1.30 ,1.38 ,1.63 ,1.702255019,1064.9,1244.7,1321.3,1556.0,1629.5,1.32 ,0.26 ,45.40 ,1.402227259
662,662,1.11 ,1.30 ,1.38 ,1.63 ,1.702847982,1068.3,1250.0,1326.8,1561.3,1635.0,1.32 ,0.26 ,45.41 ,1.346163416
664,664,1.11 ,1.30 ,1.38 ,1.63 ,1.703370721,1071.7,1252.9,1330.0,1566.4,1640.4,1.33 ,0.26 ,45.40 ,1.407598441
666,666,1.11 ,1.31 ,1.39 ,1.63 ,1.703913085,1075.1,1261.7,1338.9,1571.6,1645.9,1.30 ,0.26 ,45.43 ,1.179080891
668,668,1.11 ,1.30 ,1.38 ,1.63 ,1.70412367,1078.5,1263.6,1341.1,1576.5,1651.0,1.32 ,0.26 ,45.41 ,1.282461891
670,670,1.11 ,1.31 ,1.39 ,1.63 ,1.704379416,1081.8,1268.6,1346.4,1581.5,1656.2,1.32 ,0.26 ,45.42 ,1.234634577
672,672,1.11 ,1.30 ,1.38 ,1.63 ,1.704631333,1085.2,1267.3,1345.2,1586.4,1661.4,1.36 ,0.26 ,45.39 ,1.504232212
674,674,1.11 ,1.30 ,1.38 ,1.63 ,1.705260103,1088.6,1274.6,1352.8,1591.7,1667.0,1.35 ,0.26 ,45.41 ,1.350455369
676,676,1.11 ,1.30 ,1.38 ,1.63 ,1.705690326,1092.0,1277.7,1356.1,1596.8,1672.4,1.36 ,0.26 ,45.40 ,1.399833921
678,678,1.11 ,1.30 ,1.38 ,1.63 ,1.706173632,1095.4,1281.5,1360.2,1601.9,1677.8,1.37 ,0.26 ,45.40 ,1.416978086
680,680,1.11 ,1.30 ,1.38 ,1.63 ,1.706664748,1098.8,1286.7,1365.6,1607.1,1683.2,1.37 ,0.26 ,45.41 ,1.366969508
682,682,1.11 ,1.31 ,1.39 ,1.63 ,1.707035909,1102.2,1291.5,1370.7,1612.1,1688.5,1.36 ,0.26 ,45.41 ,1.329201124
684,684,1.11 ,1.30 ,1.38 ,1.63 ,1.707374613,1105.6,1293.7,1373.1,1617.2,1693.8,1.38 ,0.26 ,45.40 ,1.423365525
686,686,1.11 ,1.30 ,1.38 ,1.63 ,1.707863192,1109.0,1295.9,1375.5,1622.3,1699.3,1.40 ,0.26 ,45.39 ,1.521278625
688,688,1.11 ,1.30 ,1.38 ,1.63 ,1.708376596,1112.4,1299.0,1378.8,1627.5,1704.7,1.42 ,0.26 ,45.38 ,1.579033042
690,690,1.11 ,1.31 ,1.39 ,1.63 ,1.708886896,1115.8,1307.2,1387.3,1632.7,1710.2,1.39 ,0.26 ,45.41 ,1.374589797
692,692,1.12 ,1.30 ,1.38 ,1.63 ,1.709281065,1119.2,1307.3,1387.6,1637.8,1715.5,1.43 ,0.26 ,45.38 ,1.578239582
694,694,1.12 ,1.31 ,1.39 ,1.63 ,1.709858995,1122.6,1314.0,1394.5,1643.0,1721.1,1.41 ,0.26 ,45.40 ,1.452838646
696,696,1.12 ,1.30 ,1.38 ,1.63 ,1.710385887,1126.1,1317.3,1398.0,1648.2,1726.6,1.43 ,0.26 ,45.39 ,1.49936616
698,698,1.12 ,1.31 ,1.39 ,1.63 ,1.71089957,1129.5,1326.1,1407.1,1653.4,1732.1,1.40 ,0.26 ,45.42 ,1.267449838
700,700,1.14 ,1.33 ,1.41 ,1.64 ,1.719513337,1158.9,1349.4,1430.6,1669.8,1745.8,1.36 ,0.27 ,45.42 ,1.275837714
702,702,1.14 ,1.33 ,1.41 ,1.65 ,1.720116434,1162.5,1355.4,1436.9,1675.1,1751.4,1.36 ,0.27 ,45.42 ,1.192750898
704,704,1.14 ,1.33 ,1.41 ,1.65 ,1.720694891,1166.2,1360.8,1442.4,1680.5,1756.9,1.35 ,0.27 ,45.43 ,1.143182217
706,706,1.14 ,1.33 ,1.41 ,1.65 ,1.721145057,1169.8,1366.8,1448.7,1685.7,1762.4,1.34 ,0.27 ,45.44 ,1.056553073
708,708,1.14 ,1.34 ,1.42 ,1.65 ,1.721500929,1173.3,1371.0,1453.1,1690.8,1767.8,1.35 ,0.27 ,45.44 ,1.057717909
710,710,1.14 ,1.34 ,1.42 ,1.65 ,1.721755021,1176.9,1376.8,1459.2,1695.8,1773.0,1.34 ,0.27 ,45.45 ,0.97617153
712,712,1.14 ,1.34 ,1.42 ,1.65 ,1.721895809,1180.4,1379.3,1461.9,1700.7,1778.2,1.35 ,0.27 ,45.44 ,1.057489478
714,714,1.14 ,1.33 ,1.41 ,1.65 ,1.72220236,1183.9,1382.0,1464.9,1705.8,1783.5,1.37 ,0.27 ,45.43 ,1.129346538
716,716,1.14 ,1.33 ,1.41 ,1.65 ,1.722517097,1187.4,1383.9,1467.0,1710.9,1788.8,1.39 ,0.27 ,45.42 ,1.244831875
718,718,1.14 ,1.33 ,1.41 ,1.65 ,1.723025858,1191.0,1388.5,1471.8,1716.1,1794.3,1.40 ,0.27 ,45.42 ,1.229315516
720,720,1.14 ,1.33 ,1.41 ,1.65 ,1.723580909,1194.5,1393.4,1476.9,1721.4,1799.9,1.40 ,0.27 ,45.42 ,1.200149824
722,722,1.14 ,1.34 ,1.42 ,1.65 ,1.724137243,1198.0,1398.5,1482.2,1726.7,1805.5,1.39 ,0.27 ,45.43 ,1.157613685
724,724,1.14 ,1.34 ,1.42 ,1.65 ,1.72431066,1201.4,1403.9,1487.9,1731.7,1810.7,1.39 ,0.27 ,45.43 ,1.090135992
726,726,1.14 ,1.34 ,1.42 ,1.65 ,1.724573982,1204.7,1408.8,1493.0,1736.7,1815.9,1.38 ,0.27 ,45.44 ,1.049310866
728,728,1.14 ,1.34 ,1.42 ,1.65 ,1.724621168,1208.1,1413.9,1498.4,1741.5,1821.0,1.38 ,0.27 ,45.44 ,0.991719598
730,730,1.14 ,1.34 ,1.42 ,1.65 ,1.724763131,1211.4,1415.4,1500.1,1746.4,1826.1,1.40 ,0.27 ,45.43 ,1.116504959
732,732,1.18 ,1.36 ,1.44 ,1.66 ,1.732870859,1251.4,1444.7,1529.7,1763.5,1839.8,1.41 ,0.27 ,45.43 ,1.164669859
734,734,1.18 ,1.36 ,1.44 ,1.66 ,1.733017126,1254.8,1452.5,1537.7,1768.4,1844.9,1.39 ,0.27 ,45.45 ,0.97753343
736,736,1.18 ,1.36 ,1.44 ,1.66 ,1.732909582,1258.0,1453.2,1538.6,1773.1,1849.8,1.42 ,0.26 ,45.43 ,1.138258602
738,738,1.18 ,1.36 ,1.44 ,1.66 ,1.733177298,1261.4,1455.7,1541.3,1778.1,1855.2,1.44 ,0.26 ,45.42 ,1.21601606
740,740,1.18 ,1.36 ,1.44 ,1.66 ,1.733442438,1264.6,1459.6,1545.5,1783.1,1860.5,1.44 ,0.26 ,45.42 ,1.220504216
742,742,1.18 ,1.36 ,1.44 ,1.66 ,1.733686709,1267.8,1463.8,1549.9,1788.1,1865.8,1.44 ,0.26 ,45.42 ,1.207285399
744,744,1.18 ,1.36 ,1.44 ,1.66 ,1.733902705,1271.0,1467.9,1554.3,1793.1,1871.0,1.45 ,0.26 ,45.42 ,1.200402875
746,746,1.18 ,1.36 ,1.44 ,1.66 ,1.734503369,1274.2,1468.2,1554.7,1798.5,1876.7,1.49 ,0.26 ,45.40 ,1.395602598
748,748,1.18 ,1.36 ,1.44 ,1.66 ,1.734997221,1277.4,1473.3,1560.1,1803.7,1882.3,1.48 ,0.26 ,45.41 ,1.338932714
750,750,1.18 ,1.36 ,1.44 ,1.66 ,1.735270249,1280.4,1480.2,1567.3,1808.7,1887.6,1.46 ,0.26 ,45.42 ,1.187944604
752,752,1.18 ,1.36 ,1.44 ,1.66 ,1.735466588,1283.4,1479.7,1567.0,1813.6,1892.8,1.50 ,0.26 ,45.40 ,1.404070076
754,754,1.18 ,1.36 ,1.44 ,1.66 ,1.735721929,1286.3,1484.7,1572.2,1818.6,1898.2,1.50 ,0.26 ,45.41 ,1.344944388
756,756,1.18 ,1.36 ,1.44 ,1.66 ,1.736028675,1289.2,1486.9,1574.6,1823.6,1903.5,1.52 ,0.26 ,45.40 ,1.428483599
758,758,1.18 ,1.36 ,1.44 ,1.66 ,1.736336447,1292.1,1492.1,1580.0,1828.6,1908.9,1.51 ,0.26 ,45.41 ,1.359319998
760,760,1.17 ,1.36 ,1.44 ,1.66 ,1.736526435,1294.8,1498.6,1586.8,1833.5,1914.2,1.50 ,0.26 ,45.42 ,1.218928134
762,762,1.17 ,1.36 ,1.44 ,1.66 ,1.736505989,1297.5,1503.5,1591.9,1838.2,1919.2,1.49 ,0.26 ,45.43 ,1.148413481
764,764,1.17 ,1.36 ,1.44 ,1.66 ,1.736351562,1300.1,1503.3,1591.9,1842.7,1924.0,1.53 ,0.26 ,45.41 ,1.33444395
766,766,1.17 ,1.36 ,1.44 ,1.66 ,1.736503046,1302.8,1505.6,1594.5,1847.6,1929.2,1.54 ,0.26 ,45.40 ,1.398589991
768,768,1.17 ,1.35 ,1.43 ,1.66 ,1.736519971,1305.3,1509.1,1598.2,1852.3,1934.3,1.55 ,0.26 ,45.40 ,1.39780952
770,770,1.17 ,1.35 ,1.43 ,1.66 ,1.736553036,1307.8,1512.4,1601.8,1857.0,1939.4,1.55 ,0.26 ,45.40 ,1.404281161
772,772,1.17 ,1.35 ,1.43 ,1.66 ,1.736602063,1310.3,1516.9,1606.5,1861.7,1944.5,1.55 ,0.26 ,45.41 ,1.352785912
774,774,1.17 ,1.35 ,1.43 ,1.66 ,1.736544287,1312.7,1519.6,1609.4,1866.3,1949.4,1.56 ,0.26 ,45.40 ,1.384605684
776,776,1.17 ,1.35 ,1.43 ,1.66 ,1.736516978,1315.1,1521.6,1611.7,1870.9,1954.4,1.58 ,0.26 ,45.40 ,1.45304869
778,778,1.17 ,1.36 ,1.44 ,1.66 ,1.736395187,1317.4,1530.3,1620.6,1875.4,1959.3,1.54 ,0.26 ,45.43 ,1.180146724
780,780,1.17 ,1.35 ,1.43 ,1.66 ,1.73595033,1319.6,1532.1,1622.6,1879.6,1963.9,1.55 ,0.26 ,45.42 ,1.245543892
782,782,1.17 ,1.35 ,1.43 ,1.66 ,1.735541842,1321.8,1535.2,1625.9,1883.9,1968.4,1.56 ,0.26 ,45.42 ,1.247668281
784,784,1.20 ,1.38 ,1.46 ,1.68 ,1.746318414,1364.5,1572.5,1663.4,1905.3,1985.7,1.48 ,0.27 ,45.44 ,1.039153775
786,786,1.20 ,1.38 ,1.46 ,1.68 ,1.74624073,1367.0,1575.5,1666.7,1909.9,1990.7,1.49 ,0.27 ,45.44 ,1.059446346
788,788,1.20 ,1.38 ,1.46 ,1.67 ,1.745993915,1369.5,1574.9,1666.3,1914.3,1995.5,1.53 ,0.27 ,45.42 ,1.254432202
790,790,1.20 ,1.38 ,1.46 ,1.67 ,1.746036623,1371.9,1578.9,1670.6,1919.0,2000.6,1.53 ,0.26 ,45.42 ,1.2259797
792,792,1.20 ,1.38 ,1.46 ,1.67 ,1.746100845,1374.4,1583.9,1675.8,1923.8,2005.7,1.52 ,0.26 ,45.43 ,1.15245258
794,794,1.20 ,1.38 ,1.46 ,1.67 ,1.746136121,1376.9,1585.0,1677.1,1928.5,2010.9,1.55 ,0.26 ,45.42 ,1.270079716
796,796,1.19 ,1.37 ,1.45 ,1.67 ,1.746227822,1379.4,1587.1,1679.5,1933.3,2016.0,1.57 ,0.26 ,45.41 ,1.338902404
798,798,1.19 ,1.37 ,1.45 ,1.67 ,1.746487921,1381.9,1588.5,1681.1,1938.3,2021.4,1.59 ,0.26 ,45.40 ,1.447777371
800,800,1.19 ,1.38 ,1.46 ,1.67 ,1.746733425,1384.4,1596.4,1689.3,1943.2,2026.7,1.56 ,0.26 ,45.42 ,1.230330855
802,802,1.19 ,1.38 ,1.46 ,1.67 ,1.746663229,1386.9,1600.6,1693.6,1947.8,2031.7,1.56 ,0.26 ,45.42 ,1.193020012
804,804,1.19 ,1.37 ,1.45 ,1.67 ,1.746595559,1389.4,1599.4,1692.7,1952.5,2036.7,1.60 ,0.26 ,45.40 ,1.421442637
806,806,1.19 ,1.37 ,1.45 ,1.67 ,1.746897276,1392.0,1602.9,1696.4,1957.5,2042.1,1.61 ,0.26 ,45.40 ,1.431316217
808,808,1.19 ,1.37 ,1.45 ,1.67 ,1.747006872,1394.5,1609.8,1703.6,1962.3,2047.3,1.59 ,0.26 ,45.42 ,1.260857218
810,810,1.19 ,1.37 ,1.45 ,1.67 ,1.746977205,1397.0,1612.6,1706.6,1966.9,2052.4,1.60 ,0.26 ,45.41 ,1.295931518
812,812,1.19 ,1.37 ,1.45 ,1.67 ,1.74710398,1399.6,1616.8,1711.0,1971.8,2057.6,1.60 ,0.26 ,45.42 ,1.26187635
814,814,1.19 ,1.37 ,1.45 ,1.67 ,1.746991967,1402.2,1617.3,1711.8,1976.4,2062.5,1.63 ,0.26 ,45.40 ,1.410435341
816,816,1.19 ,1.37 ,1.45 ,1.67 ,1.747126739,1404.8,1619.7,1714.3,1981.2,2067.7,1.65 ,0.26 ,45.40 ,1.474175261
818,818,1.19 ,1.37 ,1.45 ,1.67 ,1.747258114,1407.5,1625.2,1720.1,1986.1,2073.0,1.64 ,0.26 ,45.40 ,1.379938815
820,820,1.19 ,1.37 ,1.45 ,1.67 ,1.747333468,1410.2,1624.7,1719.8,1990.9,2078.1,1.68 ,0.26 ,45.38 ,1.584598664
822,822,1.19 ,1.37 ,1.45 ,1.67 ,1.747647276,1413.0,1628.4,1723.8,1995.9,2083.6,1.68 ,0.26 ,45.38 ,1.587116612
824,824,1.18 ,1.37 ,1.45 ,1.67 ,1.747916122,1415.8,1632.7,1728.3,2001.0,2089.0,1.68 ,0.26 ,45.39 ,1.562159539
826,826,1.18 ,1.37 ,1.45 ,1.67 ,1.748199279,1418.6,1636.3,1732.1,2006.0,2094.4,1.69 ,0.26 ,45.39 ,1.574194229
828,828,1.18 ,1.36 ,1.44 ,1.67 ,1.748480538,1421.5,1639.1,1735.1,2011.0,2099.8,1.71 ,0.26 ,45.38 ,1.625811696
830,830,1.18 ,1.37 ,1.45 ,1.67 ,1.748809378,1424.4,1643.5,1739.8,2016.1,2105.2,1.71 ,0.26 ,45.38 ,1.596769691
832,832,1.18 ,1.36 ,1.44 ,1.67 ,1.749132346,1427.4,1646.3,1742.8,2021.2,2110.7,1.72 ,0.26 ,45.38 ,1.653799115
834,834,1.18 ,1.36 ,1.44 ,1.68 ,1.749489036,1430.4,1650.2,1747.0,2026.4,2116.2,1.73 ,0.26 ,45.38 ,1.654264428
836,836,1.18 ,1.37 ,1.45 ,1.68 ,1.749769794,1433.4,1655.7,1752.7,2031.5,2121.6,1.72 ,0.26 ,45.39 ,1.572383552
838,838,1.18 ,1.36 ,1.44 ,1.68 ,1.75002869,1436.5,1658.3,1755.5,2036.5,2127.0,1.74 ,0.26 ,45.38 ,1.643235554
840,840,1.18 ,1.37 ,1.45 ,1.68 ,1.750320046,1439.6,1663.8,1761.2,2041.6,2132.4,1.73 ,0.26 ,45.39 ,1.565276972
842,842,1.18 ,1.36 ,1.44 ,1.68 ,1.750531237,1442.7,1663.4,1761.1,2046.6,2137.8,1.77 ,0.26 ,45.36 ,1.782106995
844,844,1.18 ,1.36 ,1.44 ,1.68 ,1.750886404,1445.9,1668.8,1766.7,2051.8,2143.3,1.77 ,0.26 ,45.37 ,1.716861802
846,846,1.18 ,1.36 ,1.44 ,1.68 ,1.7512218,1449.1,1669.1,1767.2,2057.0,2148.8,1.80 ,0.26 ,45.35 ,1.905392824
848,848,1.18 ,1.36 ,1.44 ,1.68 ,1.751715355,1452.4,1676.9,1775.3,2062.3,2154.5,1.78 ,0.26 ,45.37 ,1.723251731
850,850,1.18 ,1.36 ,1.44 ,1.68 ,1.752071531,1455.6,1681.3,1780.0,2067.5,2160.0,1.78 ,0.26 ,45.37 ,1.705289343
852,852,1.18 ,1.36 ,1.44 ,1.68 ,1.752295011,1458.9,1686.5,1785.3,2072.6,2165.4,1.78 ,0.26 ,45.38 ,1.651734226
854,854,1.18 ,1.36 ,1.44 ,1.68 ,1.752768496,1462.3,1688.0,1787.1,2077.9,2171.0,1.80 ,0.26 ,45.36 ,1.788159301
856,856,1.18 ,1.36 ,1.44 ,1.68 ,1.753213181,1465.7,1691.6,1790.9,2083.2,2176.7,1.81 ,0.26 ,45.36 ,1.816724268
858,858,1.18 ,1.36 ,1.44 ,1.68 ,1.753679741,1469.1,1694.8,1794.4,2088.6,2182.3,1.83 ,0.26 ,45.36 ,1.868932528
860,860,1.18 ,1.36 ,1.44 ,1.68 ,1.754172921,1472.5,1699.1,1798.9,2093.9,2188.0,1.83 ,0.26 ,45.35 ,1.870840587
862,862,1.18 ,1.36 ,1.44 ,1.68 ,1.754652965,1476.0,1703.5,1803.5,2099.3,2193.7,1.84 ,0.26 ,45.36 ,1.863513037
864,864,1.18 ,1.36 ,1.44 ,1.68 ,1.755107739,1479.4,1709.5,1809.7,2104.7,2199.4,1.83 ,0.26 ,45.36 ,1.779370718
866,866,1.18 ,1.37 ,1.45 ,1.68 ,1.755515658,1482.9,1719.8,1820.3,2110.0,2205.0,1.78 ,0.26 ,45.40 ,1.473980876
868,868,1.18 ,1.37 ,1.45 ,1.68 ,1.755743141,1486.4,1719.5,1820.2,2115.1,2210.4,1.82 ,0.26 ,45.37 ,1.700116085
870,870,1.18 ,1.37 ,1.45 ,1.68 ,1.756087943,1489.9,1723.5,1824.5,2120.3,2215.9,1.83 ,0.26 ,45.37 ,1.713473614
872,872,1.18 ,1.36 ,1.44 ,1.68 ,1.756428211,1493.4,1725.3,1826.5,2125.5,2221.4,1.86 ,0.26 ,45.36 ,1.838831179
874,874,1.18 ,1.36 ,1.44 ,1.68 ,1.756836779,1497.0,1728.4,1829.8,2130.9,2227.0,1.87 ,0.26 ,45.35 ,1.898766098
876,876,1.18 ,1.36 ,1.44 ,1.68 ,1.757314954,1500.5,1732.7,1834.4,2136.3,2232.7,1.88 ,0.26 ,45.35 ,1.901255928
878,878,1.18 ,1.36 ,1.44 ,1.68 ,1.757821828,1504.1,1736.8,1838.7,2141.7,2238.5,1.89 ,0.26 ,45.35 ,1.916155429
880,880,1.18 ,1.36 ,1.44 ,1.68 ,1.758314568,1507.7,1741.7,1843.8,2147.1,2244.2,1.89 ,0.26 ,45.35 ,1.893306702
882,882,1.18 ,1.37 ,1.45 ,1.68 ,1.758738182,1511.3,1746.3,1848.7,2152.5,2249.8,1.89 ,0.26 ,45.35 ,1.878897037
884,884,1.18 ,1.37 ,1.45 ,1.68 ,1.759143319,1514.9,1753.0,1855.6,2157.8,2255.5,1.87 ,0.26 ,45.37 ,1.761890601
886,886,1.18 ,1.37 ,1.45 ,1.68 ,1.759475398,1518.5,1757.0,1859.8,2163.1,2261.0,1.88 ,0.26 ,45.36 ,1.776025704
888,888,1.18 ,1.37 ,1.45 ,1.68 ,1.759631821,1522.0,1767.0,1870.0,2168.1,2266.3,1.83 ,0.26 ,45.39 ,1.483795389
890,890,1.18 ,1.37 ,1.45 ,1.68 ,1.759536303,1525.4,1771.9,1875.2,2172.9,2271.3,1.83 ,0.26 ,45.40 ,1.439612891
892,892,1.18 ,1.37 ,1.45 ,1.68 ,1.759469108,1528.9,1777.3,1880.8,2177.7,2276.3,1.81 ,0.26 ,45.41 ,1.371648508
894,894,1.18 ,1.37 ,1.45 ,1.68 ,1.759328552,1532.3,1780.6,1884.3,2182.4,2281.2,1.82 ,0.26 ,45.40 ,1.407385166
896,896,1.18 ,1.37 ,1.45 ,1.68 ,1.759197527,1535.7,1786.3,1890.3,2187.1,2286.1,1.81 ,0.26 ,45.41 ,1.318643213
898,898,1.18 ,1.37 ,1.45 ,1.68 ,1.75898065,1539.1,1785.2,1889.4,2191.7,2291.0,1.86 ,0.26 ,45.39 ,1.572709307
900,900,1.18 ,1.37 ,1.45 ,1.68 ,1.759021146,1542.6,1788.4,1892.8,2196.6,2296.1,1.88 ,0.26 ,45.38 ,1.617818191
902,902,1.18 ,1.37 ,1.45 ,1.68 ,1.759092526,1546.1,1790.7,1895.3,2201.5,2301.3,1.90 ,0.26 ,45.37 ,1.712017135
904,904,1.18 ,1.37 ,1.45 ,1.68 ,1.759261851,1549.5,1793.3,1898.2,2206.6,2306.6,1.91 ,0.26 ,45.36 ,1.789844243
906,906,1.18 ,1.37 ,1.45 ,1.68 ,1.759505919,1553.0,1797.3,1902.4,2211.7,2312.1,1.92 ,0.26 ,45.36 ,1.801344898
908,908,1.18 ,1.37 ,1.45 ,1.68 ,1.759724552,1556.5,1802.4,1907.8,2216.8,2317.5,1.92 ,0.26 ,45.37 ,1.75237989
910,910,1.18 ,1.37 ,1.45 ,1.68 ,1.759856545,1559.9,1804.7,1910.3,2221.9,2322.7,1.94 ,0.26 ,45.36 ,1.843627146
912,912,1.18 ,1.37 ,1.45 ,1.68 ,1.76010136,1563.3,1808.8,1914.6,2227.0,2328.2,1.94 ,0.26 ,45.36 ,1.850554671
914,914,1.18 ,1.37 ,1.45 ,1.68 ,1.760328391,1566.7,1812.6,1918.6,2232.1,2333.6,1.95 ,0.26 ,45.36 ,1.867471607
916,916,1.18 ,1.37 ,1.45 ,1.68 ,1.760561713,1570.1,1816.4,1922.7,2237.2,2339.0,1.96 ,0.26 ,45.35 ,1.882756915
918,918,1.18 ,1.37 ,1.45 ,1.68 ,1.760741203,1573.5,1821.8,1928.3,2242.3,2344.3,1.95 ,0.26 ,45.36 ,1.820878539
920,920,1.18 ,1.37 ,1.45 ,1.68 ,1.76089256,1576.8,1826.7,1933.4,2247.3,2349.6,1.95 ,0.26 ,45.36 ,1.77717845
922,922,1.18 ,1.37 ,1.45 ,1.68 ,1.760887181,1580.0,1834.7,1941.7,2252.1,2354.7,1.91 ,0.26 ,45.39 ,1.570194085
924,924,1.18 ,1.37 ,1.45 ,1.68 ,1.760755718,1583.2,1838.9,1946.1,2256.8,2359.7,1.91 ,0.26 ,45.39 ,1.552563113
926,926,1.18 ,1.37 ,1.45 ,1.68 ,1.760573895,1586.4,1843.1,1950.6,2261.4,2364.5,1.91 ,0.26 ,45.39 ,1.532358693
928,928,1.18 ,1.37 ,1.45 ,1.68 ,1.760348431,1589.5,1847.5,1955.2,2266.0,2369.3,1.91 ,0.26 ,45.39 ,1.49958979
930,930,1.18 ,1.37 ,1.45 ,1.68 ,1.760099348,1592.5,1852.3,1960.2,2270.5,2374.1,1.90 ,0.26 ,45.40 ,1.445150954
932,932,1.18 ,1.37 ,1.45 ,1.68 ,1.759847368,1595.6,1852.8,1960.9,2275.0,2378.9,1.94 ,0.26 ,45.38 ,1.608829289
934,934,1.18 ,1.37 ,1.45 ,1.68 ,1.759693418,1598.7,1856.5,1964.9,2279.6,2383.8,1.94 ,0.26 ,45.38 ,1.606536703
936,936,1.18 ,1.37 ,1.45 ,1.68 ,1.759499641,1601.7,1860.2,1968.8,2284.2,2388.6,1.94 ,0.26 ,45.38 ,1.609330783
938,938,1.18 ,1.37 ,1.45 ,1.68 ,1.759323901,1604.7,1863.1,1972.0,2288.7,2393.5,1.95 ,0.26 ,45.38 ,1.647012254
940,940,1.18 ,1.37 ,1.45 ,1.68 ,1.759128539,1607.6,1867.5,1976.6,2293.3,2398.3,1.95 ,0.26 ,45.38 ,1.611396164
942,942,1.18 ,1.37 ,1.45 ,1.68 ,1.758911073,1610.6,1869.9,1979.2,2297.8,2403.1,1.97 ,0.26 ,45.37 ,1.675527642
944,944,1.18 ,1.36 ,1.44 ,1.68 ,1.758759898,1613.5,1866.4,1976.0,2302.4,2408.0,2.04 ,0.26 ,45.34 ,2.034623301
946,946,1.18 ,1.37 ,1.45 ,1.68 ,1.758768592,1616.4,1874.6,1984.4,2307.2,2413.1,2.00 ,0.26 ,45.36 ,1.811532059
948,948,1.18 ,1.37 ,1.45 ,1.68 ,1.758573445,1619.3,1880.4,1990.4,2311.7,2418.0,1.98 ,0.26 ,45.37 ,1.697862236
950,950,1.18 ,1.37 ,1.45 ,1.68 ,1.758353299,1622.1,1883.8,1994.0,2316.2,2422.8,1.99 ,0.26 ,45.37 ,1.70739834
952,952,1.18 ,1.37 ,1.45 ,1.68 ,1.758101306,1624.9,1886.1,1996.6,2320.7,2427.5,2.01 ,0.26 ,45.37 ,1.770675733
954,954,1.18 ,1.37 ,1.45 ,1.68 ,1.757847757,1627.6,1890.1,2000.8,2325.1,2432.3,2.00 ,0.26 ,45.37 ,1.747648933
956,956,1.18 ,1.36 ,1.44 ,1.68 ,1.757603023,1630.4,1891.6,2002.5,2329.6,2437.0,2.03 ,0.26 ,45.36 ,1.847445866
958,958,1.18 ,1.36 ,1.44 ,1.68 ,1.757354357,1633.1,1895.4,2006.5,2334.0,2441.8,2.03 ,0.26 ,45.36 ,1.831844999
960,960,1.17 ,1.36 ,1.44 ,1.68 ,1.757147026,1635.8,1897.8,2009.2,2338.5,2446.6,2.04 ,0.26 ,45.35 ,1.888656258
962,962,1.17 ,1.36 ,1.44 ,1.68 ,1.757062053,1638.6,1893.5,2005.1,2343.1,2451.6,2.12 ,0.26 ,45.31 ,2.287237454
964,964,1.17 ,1.36 ,1.44 ,1.68 ,1.75720061,1641.3,1899.9,2011.8,2348.0,2456.9,2.10 ,0.26 ,45.33 ,2.149284942
966,966,1.17 ,1.36 ,1.44 ,1.68 ,1.757203452,1644.1,1900.7,2012.8,2352.8,2462.0,2.13 ,0.26 ,45.31 ,2.290952212
968,968,1.17 ,1.36 ,1.44 ,1.68 ,1.757247506,1646.8,1908.7,2021.0,2357.6,2467.1,2.10 ,0.26 ,45.33 ,2.071702267
970,970,1.17 ,1.36 ,1.44 ,1.68 ,1.757326589,1649.5,1906.8,2019.3,2362.4,2472.3,2.15 ,0.26 ,45.31 ,2.354448561
972,972,1.17 ,1.35 ,1.43 ,1.68 ,1.757494522,1652.3,1908.3,2021.1,2367.4,2477.7,2.18 ,0.26 ,45.29 ,2.46485194
974,974,1.17 ,1.35 ,1.43 ,1.68 ,1.757718533,1655.0,1909.1,2022.1,2372.4,2483.1,2.21 ,0.26 ,45.28 ,2.615013312
976,976,1.17 ,1.35 ,1.43 ,1.68 ,1.757989096,1657.8,1914.4,2027.6,2377.4,2488.6,2.20 ,0.26 ,45.29 ,2.539945796
978,978,1.17 ,1.35 ,1.43 ,1.68 ,1.758173669,1660.5,1921.9,2035.3,2382.4,2493.9,2.18 ,0.26 ,45.31 ,2.350121335
980,980,1.17 ,1.35 ,1.43 ,1.68 ,1.758259021,1663.2,1919.4,2033.1,2387.2,2499.1,2.24 ,0.26 ,45.27 ,2.659706812
982,982,1.17 ,1.35 ,1.43 ,1.68 ,1.758438092,1666.0,1929.0,2043.0,2392.2,2504.5,2.19 ,0.26 ,45.30 ,2.362692996
984,984,1.17 ,1.35 ,1.43 ,1.68 ,1.758490807,1668.7,1933.8,2048.0,2397.0,2509.7,2.19 ,0.26 ,45.31 ,2.304655685
986,986,1.17 ,1.35 ,1.43 ,1.68 ,1.758520861,1671.4,1934.7,2049.1,2401.8,2514.8,2.22 ,0.26 ,45.30 ,2.445096634
988,988,1.17 ,1.35 ,1.43 ,1.68 ,1.758668345,1674.2,1937.3,2051.9,2406.7,2520.1,2.23 ,0.26 ,45.29 ,2.50193084
990,990,1.17 ,1.35 ,1.43 ,1.68 ,1.758837967,1677.0,1938.6,2053.5,2411.6,2525.5,2.26 ,0.26 ,45.28 ,2.624138457
992,992,1.17 ,1.35 ,1.43 ,1.68 ,1.759047105,1679.8,1941.0,2056.1,2416.6,2530.9,2.28 ,0.26 ,45.27 ,2.695503926
994,994,1.17 ,1.35 ,1.43 ,1.68 ,1.759260178,1682.6,1943.7,2059.0,2421.7,2536.3,2.29 ,0.26 ,45.26 ,2.748816814
996,996,1.17 ,1.35 ,1.43 ,1.68 ,1.759470673,1685.4,1952.0,2067.6,2426.7,2541.7,2.26 ,0.26 ,45.29 ,2.521025313
998,998,1.17 ,1.35 ,1.43 ,1.68 ,1.759617205,1688.3,1956.3,2072.1,2431.6,2547.0,2.26 ,0.26 ,45.29 ,2.498837752
1000,1000,1.17 ,1.35 ,1.43 ,1.68 ,1.759661835,1691.1,1959.3,2075.4,2436.4,2552.2,2.27 ,0.26 ,45.29 ,2.531250353
1002,1002,1.16 ,1.35 ,1.43 ,1.68 ,1.75940591,1692.4,1957.9,2074.2,2440.6,2556.9,2.31 ,0.26 ,45.27 ,2.733882623
1004,1004,1.16 ,1.35 ,1.43 ,1.68 ,1.759185235,1693.8,1964.4,2080.8,2444.9,2561.7,2.29 ,0.26 ,45.29 ,2.545105976
1006,1006,1.16 ,1.35 ,1.43 ,1.68 ,1.758936974,1695.4,1962.6,2079.3,2449.1,2566.4,2.34 ,0.25 ,45.26 ,2.77200986
1008,1008,1.16 ,1.35 ,1.43 ,1.68 ,1.758837128,1697.1,1968.0,2085.0,2453.5,2571.4,2.32 ,0.25 ,45.28 ,2.647644005
1010,1010,1.16 ,1.34 ,1.42 ,1.68 ,1.758701089,1698.9,1968.9,2086.1,2457.9,2576.3,2.35 ,0.25 ,45.26 ,2.753352782
1012,1012,1.16 ,1.34 ,1.42 ,1.68 ,1.758620757,1700.9,1970.2,2087.6,2462.5,2581.3,2.37 ,0.25 ,45.25 ,2.846824776
1014,1014,1.16 ,1.34 ,1.42 ,1.68 ,1.758619667,1703.0,1974.6,2092.3,2467.1,2586.4,2.36 ,0.25 ,45.26 ,2.788981025
1016,1016,1.16 ,1.34 ,1.42 ,1.68 ,1.758652543,1705.3,1977.0,2094.9,2471.8,2591.5,2.38 ,0.25 ,45.26 ,2.837048696
1018,1018,1.16 ,1.34 ,1.42 ,1.68 ,1.758792832,1707.8,1971.2,2089.3,2476.7,2596.8,2.47 ,0.25 ,45.21 ,3.309480273
1020,1020,1.16 ,1.34 ,1.42 ,1.68 ,1.759078572,1710.4,1979.1,2097.4,2481.7,2602.4,2.44 ,0.25 ,45.23 ,3.100633327
1022,1022,1.16 ,1.34 ,1.42 ,1.68 ,1.75922051,1713.2,1985.3,2103.9,2486.7,2607.7,2.42 ,0.25 ,45.24 ,2.975689898
1024,1024,1.16 ,1.34 ,1.42 ,1.68 ,1.759385081,1716.0,1992.1,2110.9,2491.6,2613.0,2.40 ,0.25 ,45.26 ,2.82373328
1026,1026,1.16 ,1.34 ,1.42 ,1.68 ,1.759521967,1719.0,1992.6,2111.6,2496.6,2618.3,2.44 ,0.25 ,45.24 ,2.995063355
1028,1028,1.13 ,1.32 ,1.40 ,1.67 ,1.750899953,1685.6,1963.1,2082.3,2484.4,2610.6,2.54 ,0.25 ,45.21 ,3.29640325
1030,1030,1.13 ,1.31 ,1.39 ,1.67 ,1.750971803,1688.6,1960.6,2080.2,2489.2,2615.8,2.60 ,0.25 ,45.18 ,3.612347668
1032,1032,1.13 ,1.31 ,1.39 ,1.67 ,1.751170123,1691.8,1965.8,2085.5,2494.3,2621.1,2.60 ,0.25 ,45.18 ,3.556874355
1034,1034,1.13 ,1.32 ,1.40 ,1.67 ,1.751314561,1695.0,1979.0,2099.0,2499.2,2626.4,2.52 ,0.25 ,45.23 ,3.091264531
1036,1036,1.13 ,1.32 ,1.40 ,1.67 ,1.751360531,1698.3,1985.5,2105.7,2504.1,2631.6,2.50 ,0.25 ,45.24 ,2.965735007
1038,1038,1.13 ,1.32 ,1.40 ,1.67 ,1.751361197,1701.7,1991.6,2112.0,2508.9,2636.7,2.48 ,0.25 ,45.25 ,2.861120233
1040,1040,1.13 ,1.32 ,1.40 ,1.67 ,1.751357426,1705.2,1992.1,2112.8,2513.8,2641.7,2.52 ,0.25 ,45.23 ,3.041427442
1042,1042,1.13 ,1.31 ,1.39 ,1.67 ,1.751397657,1708.8,1983.4,2104.3,2518.7,2646.9,2.64 ,0.25 ,45.17 ,3.693881156
1044,1044,1.13 ,1.32 ,1.40 ,1.67 ,1.751809024,1712.5,1993.4,2114.5,2524.1,2652.6,2.60 ,0.25 ,45.20 ,3.411802451
1046,1046,1.13 ,1.31 ,1.32 ,1.67 ,1.75 ,1716.2,1987.1,2002.3,2529.4,2658.2,2.69 ,0.25 ,45.14 ,3.95 
1048,1048,1.13 ,1.32 ,1.33 ,1.67 ,1.75 ,1720.0,2003.1,2018.3,2534.7,2663.8,2.60 ,0.25 ,45.20 ,3.37 
1050,1050,1.13 ,1.31 ,1.32 ,1.67 ,1.75 ,1723.9,1998.2,2013.5,2539.9,2669.3,2.68 ,0.25 ,45.15 ,3.84 
1052,1052,1.13 ,1.31 ,1.32 ,1.67 ,1.75 ,1727.8,2000.9,2016.2,2545.5,2675.1,2.70 ,0.25 ,45.14 ,3.94 
1054,1054,1.13 ,1.31 ,1.32 ,1.67 ,1.75 ,1731.8,2008.4,2023.7,2551.0,2680.9,2.68 ,0.25 ,45.16 ,3.80 
1056,1056,1.13 ,1.31 ,1.32 ,1.67 ,1.75 ,1735.8,2004.5,2019.8,2556.4,2686.6,2.76 ,0.25 ,45.11 ,4.23 
1058,1058,1.13 ,1.32 ,1.33 ,1.67 ,1.75 ,1739.8,2021.8,2037.1,2562.2,2692.6,2.66 ,0.25 ,45.18 ,3.60 
1060,1060,1.13 ,1.31 ,1.32 ,1.67 ,1.76 ,1743.9,2018.1,2033.4,2567.6,2698.3,2.73 ,0.25 ,45.13 ,4.03 
1062,1062,1.13 ,1.31 ,1.32 ,1.67 ,1.76 ,1748.0,2025.2,2040.6,2573.3,2704.3,2.72 ,0.25 ,45.15 ,3.91 
1064,1064,1.14 ,1.32 ,1.33 ,1.67 ,1.76 ,1752.1,2035.0,2050.4,2578.9,2710.1,2.68 ,0.25 ,45.17 ,3.66 
1066,1066,1.14 ,1.32 ,1.33 ,1.67 ,1.76 ,1756.3,2034.0,2049.5,2584.5,2715.9,2.73 ,0.25 ,45.14 ,3.94 
1068,1068,1.14 ,1.32 ,1.33 ,1.67 ,1.76 ,1760.5,2037.4,2052.9,2590.1,2721.8,2.75 ,0.25 ,45.13 ,4.02 
1070,1070,1.14 ,1.32 ,1.33 ,1.67 ,1.76 ,1764.7,2041.7,2057.2,2595.9,2727.9,2.76 ,0.25 ,45.13 ,4.05 
1072,1072,1.14 ,1.31 ,1.32 ,1.67 ,1.76 ,1769.0,2043.6,2059.1,2601.7,2733.9,2.79 ,0.25 ,45.11 ,4.21 
1074,1074,1.14 ,1.32 ,1.33 ,1.67 ,1.76 ,1773.3,2048.6,2064.2,2607.6,2740.0,2.79 ,0.25 ,45.12 ,4.20 
1076,1076,1.14 ,1.32 ,1.33 ,1.67 ,1.76 ,1777.6,2052.6,2068.2,2613.4,2746.2,2.81 ,0.25 ,45.11 ,4.25 
1078,1078,1.14 ,1.31 ,1.32 ,1.68 ,1.76 ,1781.9,2055.3,2071.0,2619.3,2752.4,2.83 ,0.25 ,45.10 ,4.37 
1080,1080,1.14 ,1.32 ,1.33 ,1.68 ,1.76 ,1786.3,2059.9,2075.5,2625.3,2758.6,2.84 ,0.25 ,45.10 ,4.39 
1082,1082,1.14 ,1.32 ,1.33 ,1.68 ,1.76 ,1790.6,2066.9,2082.6,2631.3,2764.8,2.83 ,0.25 ,45.11 ,4.30 
1084,1084,1.14 ,1.32 ,1.33 ,1.68 ,1.76 ,1795.0,2074.9,2090.6,2637.2,2771.0,2.81 ,0.25 ,45.12 ,4.15 
1086,1086,1.14 ,1.32 ,1.33 ,1.68 ,1.76 ,1799.3,2080.2,2095.9,2643.0,2777.1,2.81 ,0.25 ,45.12 ,4.13 
1088,1088,1.14 ,1.32 ,1.33 ,1.68 ,1.76 ,1803.7,2083.7,2099.5,2648.9,2783.2,2.83 ,0.25 ,45.11 ,4.21 
1090,1090,1.14 ,1.32 ,1.33 ,1.68 ,1.76 ,1808.1,2087.4,2103.2,2654.7,2789.3,2.84 ,0.25 ,45.11 ,4.28 
1092,1092,1.14 ,1.32 ,1.33 ,1.68 ,1.77 ,1812.4,2094.7,2110.5,2660.6,2795.5,2.83 ,0.25 ,45.12 ,4.17 
1094,1094,1.15 ,1.32 ,1.33 ,1.68 ,1.77 ,1816.8,2095.8,2111.7,2666.5,2801.7,2.87 ,0.25 ,45.10 ,4.36 
1096,1096,1.15 ,1.32 ,1.33 ,1.68 ,1.77 ,1821.2,2100.6,2116.5,2672.5,2807.9,2.87 ,0.25 ,45.10 ,4.38 
1098,1098,1.15 ,1.32 ,1.33 ,1.68 ,1.77 ,1825.7,2106.5,2122.4,2678.5,2814.1,2.87 ,0.25 ,45.10 ,4.34 
1100,1100,1.15 ,1.33 ,1.34 ,1.68 ,1.77 ,1830.0,2126.3,2142.3,2684.4,2820.3,2.75 ,0.25 ,45.18 ,3.59 
1102,1102,1.15 ,1.33 ,1.34 ,1.68 ,1.77 ,1834.4,2128.1,2144.1,2690.0,2826.1,2.78 ,0.25 ,45.16 ,3.76 
1104,1104,1.15 ,1.33 ,1.34 ,1.68 ,1.77 ,1838.7,2125.8,2141.9,2695.7,2832.1,2.85 ,0.25 ,45.12 ,4.12 
1106,1106,1.15 ,1.33 ,1.34 ,1.68 ,1.77 ,1843.1,2133.2,2149.3,2701.5,2838.2,2.83 ,0.25 ,45.14 ,4.00 
1108,1108,1.15 ,1.33 ,1.34 ,1.68 ,1.77 ,1847.4,2138.5,2154.6,2707.2,2844.1,2.83 ,0.25 ,45.14 ,3.98 
1110,1110,1.15 ,1.32 ,1.33 ,1.69 ,1.77 ,1851.8,2124.1,2140.2,2713.0,2850.1,2.99 ,0.25 ,45.04 ,4.95 
1112,1112,1.15 ,1.32 ,1.33 ,1.69 ,1.77 ,1856.2,2125.0,2141.1,2719.3,2856.7,3.03 ,0.25 ,45.01 ,5.17 
1114,1114,1.15 ,1.31 ,1.32 ,1.69 ,1.77 ,1860.7,2123.2,2139.3,2725.6,2863.4,3.09 ,0.25 ,44.98 ,5.53 
1116,1116,1.15 ,1.32 ,1.33 ,1.69 ,1.77 ,1865.2,2131.3,2147.4,2732.1,2870.2,3.08 ,0.25 ,44.99 ,5.39 
1118,1118,1.12 ,1.31 ,1.32 ,1.68 ,1.77 ,1822.3,2120.2,2136.4,2721.7,2865.1,2.95 ,0.25 ,45.08 ,4.52 
1120,1120,1.12 ,1.31 ,1.32 ,1.68 ,1.77 ,1826.3,2125.5,2141.7,2727.5,2871.2,2.95 ,0.25 ,45.09 ,4.49 
1122,1122,1.12 ,1.32 ,1.33 ,1.68 ,1.77 ,1830.4,2143.8,2160.1,2733.4,2877.4,2.84 ,0.25 ,45.16 ,3.81 
1124,1124,1.13 ,1.31 ,1.32 ,1.68 ,1.77 ,1834.3,2133.8,2150.1,2739.0,2883.3,2.97 ,0.25 ,45.08 ,4.56 
1126,1126,1.13 ,1.31 ,1.32 ,1.68 ,1.77 ,1838.3,2137.7,2154.0,2744.9,2889.5,2.98 ,0.25 ,45.07 ,4.60 
1128,1128,1.13 ,1.31 ,1.32 ,1.68 ,1.77 ,1842.3,2143.8,2160.1,2750.7,2895.7,2.98 ,0.25 ,45.08 ,4.54 
1130,1130,1.13 ,1.31 ,1.32 ,1.68 ,1.77 ,1846.3,2148.5,2164.9,2756.5,2901.8,2.98 ,0.25 ,45.08 ,4.54 
1132,1132,1.13 ,1.31 ,1.32 ,1.68 ,1.77 ,1850.2,2153.5,2169.9,2762.3,2907.9,2.99 ,0.25 ,45.08 ,4.53 
1134,1134,1.13 ,1.31 ,1.32 ,1.68 ,1.77 ,1854.1,2147.8,2164.2,2768.1,2914.1,3.08 ,0.25 ,45.03 ,5.06 
1136,1136,1.13 ,1.31 ,1.32 ,1.68 ,1.77 ,1858.0,2163.9,2180.4,2774.1,2920.4,2.99 ,0.25 ,45.09 ,4.49 
1138,1138,1.13 ,1.32 ,1.33 ,1.68 ,1.77 ,1861.9,2170.7,2187.2,2779.9,2926.5,2.98 ,0.25 ,45.10 ,4.38 
1140,1140,1.13 ,1.32 ,1.33 ,1.68 ,1.77 ,1865.7,2177.8,2194.4,2785.6,2932.5,2.96 ,0.25 ,45.11 ,4.26 
1142,1142,1.13 ,1.32 ,1.33 ,1.69 ,1.77 ,1869.5,2184.7,2201.2,2791.1,2938.4,2.95 ,0.25 ,45.12 ,4.15 
1144,1144,1.13 ,1.32 ,1.33 ,1.69 ,1.77 ,1873.2,2190.5,2207.1,2796.6,2944.2,2.94 ,0.25 ,45.13 ,4.08 
1146,1146,1.13 ,1.31 ,1.32 ,1.69 ,1.77 ,1876.9,2180.4,2197.1,2802.1,2949.9,3.07 ,0.25 ,45.05 ,4.81 
1148,1148,1.13 ,1.32 ,1.33 ,1.69 ,1.78 ,1880.6,2192.3,2208.9,2807.9,2956.2,3.02 ,0.25 ,45.09 ,4.45 
1150,1150,1.13 ,1.32 ,1.33 ,1.69 ,1.78 ,1884.2,2194.3,2210.9,2813.4,2962.0,3.04 ,0.25 ,45.08 ,4.58 
1152,1152,1.13 ,1.32 ,1.33 ,1.69 ,1.78 ,1887.8,2198.1,2214.8,2818.9,2967.9,3.05 ,0.25 ,45.07 ,4.61 
1154,1154,1.13 ,1.32 ,1.33 ,1.69 ,1.78 ,1891.3,2204.1,2220.8,2824.5,2973.8,3.05 ,0.25 ,45.08 ,4.53 
1156,1156,1.13 ,1.32 ,1.33 ,1.69 ,1.78 ,1894.7,2206.5,2223.3,2829.9,2979.7,3.07 ,0.25 ,45.07 ,4.63 
1158,1158,1.13 ,1.31 ,1.32 ,1.69 ,1.78 ,1898.2,2207.8,2224.6,2835.4,2985.5,3.10 ,0.25 ,45.06 ,4.78 
1160,1160,1.13 ,1.32 ,1.33 ,1.69 ,1.78 ,1901.5,2219.9,2236.8,2840.9,2991.4,3.04 ,0.25 ,45.10 ,4.39 
1162,1162,1.13 ,1.32 ,1.33 ,1.69 ,1.78 ,1904.7,2218.0,2234.8,2846.1,2997.0,3.10 ,0.25 ,45.06 ,4.70 
1164,1164,1.13 ,1.32 ,1.33 ,1.69 ,1.78 ,1907.9,2220.5,2237.4,2851.4,3002.7,3.11 ,0.25 ,45.06 ,4.78 
1166,1166,1.13 ,1.31 ,1.32 ,1.69 ,1.78 ,1911.1,2223.6,2240.6,2856.8,3008.5,3.13 ,0.25 ,45.05 ,4.83 
1168,1168,1.13 ,1.32 ,1.33 ,1.69 ,1.78 ,1914.1,2234.4,2251.3,2862.1,3014.2,3.08 ,0.25 ,45.09 ,4.49 
1170,1170,1.13 ,1.31 ,1.32 ,1.69 ,1.78 ,1917.0,2223.3,2240.3,2867.2,3019.8,3.21 ,0.25 ,45.01 ,5.25 
1172,1172,1.13 ,1.31 ,1.32 ,1.69 ,1.78 ,1919.9,2233.1,2250.1,2872.6,3025.6,3.17 ,0.25 ,45.04 ,4.96 
1174,1174,1.06 ,1.24 ,1.25 ,1.65 ,1.75 ,1804.5,2112.7,2129.7,2812.4,2979.1,3.64 ,0.24 ,44.87 ,6.61 
1176,1176,1.06 ,1.22 ,1.23 ,1.65 ,1.75 ,1806.6,2083.4,2100.5,2816.7,2983.8,3.89 ,0.24 ,44.70 ,8.21 
1178,1178,1.06 ,1.22 ,1.23 ,1.65 ,1.75 ,1808.6,2082.3,2099.4,2821.3,2989.0,3.93 ,0.24 ,44.67 ,8.43 
1180,1180,1.06 ,1.22 ,1.23 ,1.65 ,1.75 ,1810.4,2085.3,2102.4,2826.0,2994.2,3.94 ,0.24 ,44.67 ,8.44 
1182,1182,1.06 ,1.22 ,1.23 ,1.65 ,1.75 ,1812.2,2091.2,2108.4,2830.5,2999.3,3.93 ,0.24 ,44.69 ,8.30 
1184,1184,1.06 ,1.22 ,1.23 ,1.65 ,1.75 ,1813.8,2091.5,2108.7,2834.9,3004.3,3.96 ,0.24 ,44.67 ,8.43 
1186,1186,1.06 ,1.21 ,1.22 ,1.65 ,1.75 ,1815.3,2089.0,2106.2,2839.3,3009.3,4.01 ,0.24 ,44.65 ,8.70 
1188,1188,1.05 ,1.21 ,1.22 ,1.65 ,1.75 ,1816.6,2088.7,2106.0,2843.6,3014.2,4.04 ,0.24 ,44.63 ,8.85 
1190,1190,1.05 ,1.21 ,1.22 ,1.65 ,1.75 ,1817.9,2091.9,2109.2,2847.8,3019.1,4.05 ,0.24 ,44.63 ,8.82 
1192,1192,1.05 ,1.21 ,1.22 ,1.65 ,1.75 ,1818.9,2087.9,2105.2,2852.0,3023.9,4.10 ,0.24 ,44.60 ,9.14 
1194,1194,1.05 ,1.21 ,1.22 ,1.65 ,1.75 ,1819.9,2094.3,2111.6,2856.0,3028.6,4.09 ,0.24 ,44.62 ,8.95 
1196,1196,1.05 ,1.21 ,1.22 ,1.65 ,1.75 ,1820.8,2094.8,2112.1,2860.0,3033.3,4.11 ,0.24 ,44.61 ,9.05 
1198,1198,1.05 ,1.20 ,1.21 ,1.65 ,1.75 ,1821.5,2089.9,2107.3,2863.9,3037.8,4.17 ,0.24 ,44.57 ,9.39 
1200,1200,1.05 ,1.20 ,1.21 ,1.65 ,1.75 ,1822.1,2080.3,2097.7,2867.7,3042.4,4.26 ,0.24 ,44.51 ,9.97 
1202,1202,1.05 ,1.20 ,1.21 ,1.65 ,1.75 ,1825.7,2089.7,2107.2,2873.4,3048.4,4.24 ,0.24 ,44.54 ,9.73 
1204,1204,1.05 ,1.20 ,1.21 ,1.65 ,1.75 ,1829.3,2096.7,2114.1,2879.0,3054.4,4.23 ,0.24 ,44.55 ,9.62 
1206,1206,1.05 ,1.20 ,1.21 ,1.65 ,1.75 ,1832.9,2104.3,2121.8,2884.6,3060.3,4.21 ,0.24 ,44.56 ,9.47 
1208,1208,1.05 ,1.20 ,1.21 ,1.65 ,1.75 ,1836.5,2103.1,2120.6,2890.1,3066.2,4.26 ,0.24 ,44.53 ,9.75 
1210,1210,1.05 ,1.20 ,1.21 ,1.65 ,1.75 ,1840.1,2098.5,2116.1,2895.8,3072.3,4.33 ,0.24 ,44.49 ,10.19 
1212,1212,1.05 ,1.19 ,1.20 ,1.65 ,1.75 ,1843.8,2100.3,2117.9,2901.3,3078.2,4.35 ,0.24 ,44.47 ,10.33 
1214,1214,1.05 ,1.21 ,1.22 ,1.65 ,1.75 ,1847.4,2123.6,2141.2,2907.0,3084.3,4.23 ,0.24 ,44.57 ,9.41 
1216,1216,1.05 ,1.20 ,1.21 ,1.65 ,1.75 ,1851.0,2122.1,2139.8,2912.6,3090.2,4.28 ,0.23 ,44.54 ,9.71 
1218,1218,1.05 ,1.20 ,1.21 ,1.65 ,1.75 ,1854.6,2122.8,2140.4,2918.2,3096.2,4.31 ,0.23 ,44.52 ,9.90 
1220,1220,1.05 ,1.20 ,1.21 ,1.65 ,1.75 ,1858.2,2128.3,2146.0,2923.8,3102.1,4.31 ,0.23 ,44.52 ,9.85 
1222,1222,1.05 ,1.20 ,1.21 ,1.65 ,1.75 ,1861.8,2135.2,2153.0,2929.4,3108.1,4.30 ,0.23 ,44.54 ,9.73 
1224,1224,1.05 ,1.20 ,1.21 ,1.65 ,1.75 ,1865.5,2138.9,2156.6,2934.9,3114.0,4.31 ,0.23 ,44.53 ,9.78 
1226,1226,1.05 ,1.20 ,1.21 ,1.65 ,1.75 ,1869.1,2140.3,2158.1,2940.5,3120.0,4.34 ,0.23 ,44.51 ,9.93 
1228,1228,1.05 ,1.22 ,1.23 ,1.65 ,1.76 ,1872.7,2165.9,2183.8,2946.1,3125.9,4.20 ,0.23 ,44.62 ,8.89 
1230,1230,1.05 ,1.22 ,1.23 ,1.65 ,1.76 ,1876.3,2169.7,2187.5,2951.4,3131.6,4.21 ,0.23 ,44.62 ,8.93 
1232,1232,1.05 ,1.21 ,1.22 ,1.65 ,1.76 ,1879.9,2157.5,2175.4,2956.8,3137.4,4.33 ,0.23 ,44.53 ,9.74 
1234,1234,1.05 ,1.21 ,1.22 ,1.66 ,1.76 ,1883.6,2161.5,2179.4,2962.4,3143.3,4.34 ,0.23 ,44.53 ,9.77 
1236,1236,1.05 ,1.21 ,1.22 ,1.66 ,1.76 ,1887.2,2168.0,2185.9,2967.9,3149.2,4.33 ,0.23 ,44.54 ,9.68 
1238,1238,1.05 ,1.21 ,1.22 ,1.66 ,1.76 ,1890.8,2172.5,2190.5,2973.4,3155.0,4.34 ,0.23 ,44.54 ,9.67 
1240,1240,1.05 ,1.21 ,1.22 ,1.66 ,1.76 ,1894.4,2175.6,2193.6,2979.0,3161.0,4.36 ,0.23 ,44.53 ,9.75 
1242,1242,1.05 ,1.21 ,1.22 ,1.66 ,1.76 ,1898.1,2176.8,2194.8,2984.5,3166.8,4.38 ,0.23 ,44.52 ,9.91 
1244,1244,1.05 ,1.21 ,1.22 ,1.66 ,1.76 ,1901.7,2181.9,2200.0,2990.1,3172.8,4.39 ,0.23 ,44.52 ,9.88 
1246,1246,1.05 ,1.21 ,1.22 ,1.66 ,1.76 ,1905.3,2187.4,2205.4,2995.6,3178.7,4.39 ,0.23 ,44.52 ,9.84 
1248,1248,1.05 ,1.21 ,1.22 ,1.66 ,1.76 ,1908.9,2184.5,2202.6,3001.2,3184.6,4.44 ,0.23 ,44.49 ,10.20 
1250,1250,1.05 ,1.20 ,1.21 ,1.66 ,1.76 ,1912.6,2178.5,2196.7,3006.8,3190.6,4.52 ,0.23 ,44.43 ,10.71 
1252,1252,1.06 ,1.21 ,1.22 ,1.66 ,1.76 ,1916.2,2194.8,2213.0,3012.4,3196.6,4.45 ,0.23 ,44.49 ,10.14 
1254,1254,1.06 ,1.21 ,1.22 ,1.66 ,1.76 ,1919.9,2200.0,2218.2,3018.0,3202.6,4.45 ,0.23 ,44.49 ,10.11 
1256,1256,1.06 ,1.21 ,1.22 ,1.66 ,1.76 ,1923.5,2202.0,2220.2,3023.6,3208.5,4.47 ,0.23 ,44.48 ,10.24 
1258,1258,1.06 ,1.21 ,1.22 ,1.66 ,1.76 ,1927.1,2207.9,2226.1,3029.2,3214.5,4.47 ,0.23 ,44.49 ,10.17 
1260,1260,1.06 ,1.21 ,1.22 ,1.66 ,1.76 ,1930.8,2211.5,2229.8,3034.7,3220.4,4.48 ,0.23 ,44.48 ,10.22 
1262,1262,1.06 ,1.21 ,1.22 ,1.66 ,1.76 ,1934.4,2216.3,2234.6,3040.3,3226.3,4.49 ,0.23 ,44.48 ,10.21 
1264,1264,1.06 ,1.21 ,1.22 ,1.66 ,1.76 ,1938.0,2224.3,2242.6,3045.9,3232.3,4.47 ,0.23 ,44.50 ,10.04 
1266,1266,1.06 ,1.21 ,1.22 ,1.66 ,1.76 ,1941.7,2227.8,2246.1,3051.4,3238.2,4.48 ,0.23 ,44.50 ,10.09 
1268,1268,1.06 ,1.22 ,1.23 ,1.66 ,1.76 ,1945.3,2243.2,2261.6,3056.9,3244.0,4.41 ,0.23 ,44.55 ,9.55 
1270,1270,1.06 ,1.21 ,1.22 ,1.66 ,1.76 ,1949.0,2236.2,2254.6,3062.3,3249.8,4.50 ,0.23 ,44.49 ,10.12 
1272,1272,1.06 ,1.21 ,1.22 ,1.66 ,1.76 ,1952.6,2236.3,2254.7,3067.9,3255.7,4.53 ,0.23 ,44.47 ,10.34 
1274,1274,1.06 ,1.22 ,1.23 ,1.66 ,1.77 ,1956.2,2245.1,2263.6,3073.4,3261.6,4.51 ,0.23 ,44.49 ,10.13 
1276,1276,1.06 ,1.21 ,1.22 ,1.66 ,1.77 ,1959.9,2242.9,2261.4,3078.9,3267.5,4.56 ,0.23 ,44.46 ,10.46 
1278,1278,1.06 ,1.21 ,1.22 ,1.66 ,1.77 ,1963.5,2250.8,2269.4,3084.5,3273.5,4.55 ,0.23 ,44.48 ,10.29 
1280,1280,1.06 ,1.22 ,1.23 ,1.66 ,1.77 ,1967.2,2259.9,2278.5,3090.1,3279.4,4.52 ,0.23 ,44.50 ,10.07 
1282,1282,1.05 ,1.21 ,1.22 ,1.66 ,1.76 ,1943.2,2243.4,2262.0,3084.8,3277.4,4.54 ,0.23 ,44.49 ,10.12 
1284,1284,1.05 ,1.21 ,1.22 ,1.66 ,1.76 ,1946.5,2244.8,2263.4,3090.3,3283.2,4.56 ,0.23 ,44.48 ,10.27 
1286,1286,1.05 ,1.20 ,1.21 ,1.66 ,1.76 ,1949.9,2247.6,2266.2,3095.7,3289.0,4.58 ,0.23 ,44.47 ,10.34 
1288,1288,1.05 ,1.21 ,1.22 ,1.66 ,1.76 ,1953.2,2251.2,2269.8,3101.1,3294.8,4.59 ,0.23 ,44.47 ,10.38 
1290,1290,1.05 ,1.20 ,1.21 ,1.66 ,1.76 ,1956.5,2250.8,2269.5,3106.5,3300.6,4.63 ,0.23 ,44.44 ,10.61 
1292,1292,1.04 ,1.20 ,1.21 ,1.66 ,1.76 ,1950.0,2246.3,2265.0,3108.0,3303.6,4.65 ,0.23 ,44.43 ,10.69 
1294,1294,1.04 ,1.20 ,1.21 ,1.66 ,1.76 ,1953.2,2250.9,2269.6,3113.5,3309.5,4.65 ,0.23 ,44.43 ,10.68 
1296,1296,1.04 ,1.20 ,1.21 ,1.66 ,1.76 ,1956.4,2253.8,2272.6,3118.9,3315.3,4.67 ,0.23 ,44.43 ,10.74 
1298,1298,1.04 ,1.20 ,1.21 ,1.66 ,1.76 ,1959.6,2258.4,2277.2,3124.3,3321.1,4.67 ,0.23 ,44.43 ,10.72 
1300,1300,1.04 ,1.20 ,1.21 ,1.66 ,1.76 ,1962.8,2260.5,2279.3,3129.7,3327.0,4.69 ,0.23 ,44.42 ,10.83 
1302,1302,1.04 ,1.20 ,1.21 ,1.66 ,1.76 ,1966.0,2263.4,2282.3,3135.1,3332.8,4.71 ,0.23 ,44.41 ,10.89 
1304,1304,1.04 ,1.20 ,1.21 ,1.66 ,1.77 ,1969.2,2267.9,2286.8,3140.5,3338.6,4.71 ,0.23 ,44.41 ,10.88 
1306,1306,1.04 ,1.20 ,1.21 ,1.66 ,1.77 ,1972.3,2267.8,2286.7,3145.8,3344.4,4.75 ,0.23 ,44.39 ,11.09 
1308,1308,1.04 ,1.20 ,1.21 ,1.66 ,1.77 ,1975.5,2271.7,2290.6,3151.3,3350.2,4.76 ,0.23 ,44.39 ,11.11 
1310,1310,1.04 ,1.20 ,1.21 ,1.66 ,1.77 ,1978.7,2272.6,2291.6,3156.7,3356.1,4.79 ,0.23 ,44.37 ,11.27 
1312,1312,1.04 ,1.20 ,1.21 ,1.66 ,1.77 ,1981.9,2274.7,2293.7,3162.1,3361.9,4.81 ,0.23 ,44.36 ,11.38 
1314,1314,1.04 ,1.20 ,1.21 ,1.66 ,1.77 ,1985.0,2284.4,2303.5,3167.6,3367.9,4.78 ,0.23 ,44.39 ,11.11 
1316,1316,1.04 ,1.20 ,1.21 ,1.66 ,1.77 ,1988.2,2291.2,2310.3,3172.9,3373.7,4.76 ,0.23 ,44.40 ,10.99 
1318,1318,1.04 ,1.20 ,1.21 ,1.66 ,1.77 ,1991.4,2295.3,2314.4,3178.3,3379.5,4.77 ,0.23 ,44.40 ,10.99 
1320,1320,1.04 ,1.21 ,1.22 ,1.66 ,1.77 ,1994.5,2307.8,2327.0,3183.7,3385.2,4.72 ,0.23 ,44.44 ,10.59 
1322,1322,1.04 ,1.20 ,1.21 ,1.66 ,1.77 ,1997.7,2304.4,2323.6,3189.0,3390.9,4.78 ,0.23 ,44.40 ,10.96 
1324,1324,1.04 ,1.20 ,1.21 ,1.66 ,1.77 ,2000.9,2305.1,2324.3,3194.3,3396.7,4.81 ,0.23 ,44.39 ,11.13 
1326,1326,1.04 ,1.21 ,1.22 ,1.66 ,1.77 ,2004.0,2321.2,2340.4,3199.7,3402.5,4.73 ,0.23 ,44.45 ,10.55 
1328,1328,1.04 ,1.20 ,1.21 ,1.66 ,1.77 ,2007.2,2312.9,2332.2,3205.0,3408.2,4.83 ,0.23 ,44.38 ,11.16 
1330,1330,1.04 ,1.20 ,1.21 ,1.66 ,1.77 ,2010.4,2319.4,2338.7,3210.3,3414.0,4.82 ,0.23 ,44.40 ,11.05 
1332,1332,1.04 ,1.20 ,1.21 ,1.66 ,1.77 ,2013.5,2321.4,2340.8,3215.6,3419.7,4.84 ,0.23 ,44.38 ,11.16 
1334,1334,1.04 ,1.20 ,1.21 ,1.66 ,1.77 ,2016.7,2321.0,2340.3,3221.0,3425.5,4.88 ,0.23 ,44.36 ,11.39 
1336,1336,1.04 ,1.20 ,1.21 ,1.67 ,1.77 ,2019.9,2325.5,2344.9,3226.4,3431.3,4.88 ,0.23 ,44.36 ,11.37 
1338,1338,1.04 ,1.20 ,1.21 ,1.67 ,1.77 ,2023.0,2329.5,2348.9,3231.7,3437.1,4.89 ,0.23 ,44.36 ,11.38 
1340,1340,1.04 ,1.20 ,1.21 ,1.67 ,1.77 ,2026.2,2338.6,2358.0,3237.1,3442.9,4.86 ,0.23 ,44.38 ,11.14 
1342,1342,1.04 ,1.20 ,1.21 ,1.67 ,1.77 ,2029.4,2336.7,2356.2,3242.4,3448.6,4.91 ,0.23 ,44.35 ,11.44 
1344,1344,1.04 ,1.20 ,1.21 ,1.67 ,1.77 ,2032.6,2345.5,2365.0,3247.7,3454.3,4.88 ,0.23 ,44.38 ,11.21 
1346,1346,1.04 ,1.20 ,1.21 ,1.67 ,1.77 ,2035.7,2346.7,2366.2,3253.0,3460.1,4.91 ,0.23 ,44.36 ,11.36 
1348,1348,1.04 ,1.21 ,1.22 ,1.67 ,1.77 ,2038.9,2359.0,2378.5,3258.4,3465.9,4.86 ,0.23 ,44.40 ,10.97 
1350,1350,1.04 ,1.20 ,1.21 ,1.67 ,1.77 ,2042.1,2345.0,2364.6,3263.6,3471.5,4.99 ,0.23 ,44.31 ,11.86 
1352,1352,1.04 ,1.20 ,1.21 ,1.67 ,1.77 ,2045.2,2350.3,2369.9,3269.1,3477.4,4.99 ,0.23 ,44.31 ,11.81 
1354,1354,1.04 ,1.20 ,1.21 ,1.67 ,1.77 ,2048.4,2352.0,2371.6,3274.4,3483.2,5.02 ,0.23 ,44.30 ,11.93 
1356,1356,1.04 ,1.20 ,1.21 ,1.67 ,1.77 ,2051.6,2360.0,2379.7,3279.8,3489.0,5.00 ,0.23 ,44.32 ,11.75 
1358,1358,1.04 ,1.20 ,1.21 ,1.67 ,1.77 ,2054.8,2365.4,2385.1,3285.2,3494.8,5.00 ,0.23 ,44.33 ,11.69 
1360,1360,1.04 ,1.20 ,1.21 ,1.67 ,1.77 ,2058.0,2365.6,2385.4,3290.5,3500.6,5.03 ,0.23 ,44.31 ,11.88 
1362,1362,1.04 ,1.20 ,1.21 ,1.67 ,1.78 ,2061.1,2374.4,2394.2,3295.9,3506.4,5.00 ,0.23 ,44.33 ,11.66 
1364,1364,1.04 ,1.20 ,1.21 ,1.67 ,1.78 ,2064.3,2375.5,2395.3,3301.2,3512.1,5.03 ,0.23 ,44.31 ,11.81 
1366,1366,1.04 ,1.20 ,1.21 ,1.67 ,1.78 ,2067.5,2380.3,2400.1,3306.6,3517.9,5.03 ,0.23 ,44.32 ,11.79 
1368,1368,1.04 ,1.20 ,1.21 ,1.67 ,1.78 ,2070.7,2379.3,2399.1,3311.9,3523.7,5.08 ,0.23 ,44.29 ,12.04 
1370,1370,1.04 ,1.20 ,1.21 ,1.67 ,1.78 ,2073.8,2387.5,2407.4,3317.3,3529.5,5.06 ,0.23 ,44.31 ,11.85 
1372,1372,1.04 ,1.20 ,1.21 ,1.67 ,1.78 ,2077.0,2396.2,2416.0,3322.6,3535.2,5.03 ,0.23 ,44.33 ,11.63 
1374,1374,1.04 ,1.20 ,1.21 ,1.67 ,1.78 ,2080.2,2389.9,2409.8,3327.9,3540.9,5.11 ,0.23 ,44.28 ,12.14 
1376,1376,1.04 ,1.20 ,1.21 ,1.67 ,1.78 ,2083.4,2398.1,2418.0,3333.1,3546.6,5.09 ,0.23 ,44.30 ,11.95 
1378,1378,1.04 ,1.21 ,1.22 ,1.67 ,1.78 ,2086.6,2422.0,2442.0,3338.4,3552.2,4.95 ,0.23 ,44.40 ,10.98 
1380,1380,1.04 ,1.20 ,1.21 ,1.67 ,1.78 ,2089.7,2405.7,2425.8,3343.5,3557.8,5.10 ,0.23 ,44.30 ,11.98 
1382,1382,1.04 ,1.20 ,1.21 ,1.67 ,1.78 ,2092.9,2411.7,2431.8,3348.9,3563.5,5.10 ,0.23 ,44.30 ,11.89 
1384,1384,1.04 ,1.20 ,1.21 ,1.67 ,1.78 ,2096.1,2413.4,2433.5,3354.2,3569.3,5.12 ,0.23 ,44.29 ,12.02 
1386,1386,1.04 ,1.20 ,1.21 ,1.67 ,1.78 ,2099.3,2416.2,2436.3,3359.5,3575.0,5.14 ,0.23 ,44.28 ,12.09 
1388,1388,1.04 ,1.20 ,1.21 ,1.67 ,1.78 ,2102.5,2412.0,2432.1,3364.9,3580.8,5.20 ,0.23 ,44.24 ,12.50 
1390,1390.00,1.04,1.21,1.22,1.67,1.78,2105.6,2442.8,2463.0,3370.2,3586.6,5.02,0.23,44.38,11.20
1392,1392.00,1.04,1.20,1.21,1.67,1.78,2108.8,2421.3,2441.5,3375.5,3592.2,5.21,0.23,44.24,12.45
1394,1394.00,1.04,1.20,1.21,1.67,1.78,2112.0,2429.0,2449.3,3380.8,3598.0,5.19,0.23,44.26,12.28
1396,1396.00,1.04,1.20,1.21,1.67,1.78,2115.2,2436.7,2457.0,3386.2,3603.8,5.17,0.23,44.28,12.12
1398,1398.00,1.04,1.20,1.21,1.67,1.78,2118.4,2435.4,2455.6,3391.5,3609.5,5.22,0.23,44.25,12.39
1400,1400.00,1.04,1.20,1.21,1.67,1.78,2121.6,2442.2,2462.5,3396.8,3615.3,5.21,0.23,44.26,12.26
1402,1402.00,1.04,1.20,1.21,1.67,1.78,2124.9,2441.3,2461.6,3402.3,3621.1,5.25,0.23,44.24,12.52
1404,1404.00,1.05,1.20,1.21,1.67,1.78,2128.2,2450.6,2470.9,3407.7,3627.0,5.22,0.23,44.26,12.28
1406,1406.00,1.05,1.20,1.21,1.67,1.78,2131.5,2450.2,2470.6,3413.2,3632.9,5.26,0.23,44.24,12.51
1408,1408.00,1.05,1.20,1.21,1.67,1.78,2134.8,2454.8,2475.2,3418.6,3638.7,5.26,0.23,44.24,12.50
1410,1410.00,1.05,1.20,1.21,1.67,1.78,2138.2,2461.1,2481.6,3424.1,3644.6,5.25,0.23,44.25,12.40
1412,1412.00,1.05,1.20,1.21,1.67,1.78,2141.5,2460.8,2481.3,3429.6,3650.5,5.29,0.23,44.23,12.63
1414,1414.00,1.05,1.20,1.21,1.67,1.78,2144.8,2466.4,2486.9,3435.0,3656.4,5.29,0.23,44.23,12.57
1416,1416.00,1.05,1.20,1.21,1.68,1.78,2148.1,2474.2,2494.7,3440.5,3662.2,5.27,0.23,44.25,12.40
1418,1418.00,1.05,1.20,1.21,1.68,1.78,2151.4,2474.4,2494.9,3445.9,3668.1,5.30,0.23,44.23,12.60
1420,1420.00,1.05,1.20,1.21,1.68,1.78,2154.8,2478.1,2498.7,3451.4,3674.0,5.31,0.23,44.22,12.63
1422,1422.00,1.05,1.20,1.21,1.68,1.78,2158.1,2478.3,2498.9,3456.9,3679.8,5.35,0.23,44.20,12.84
1424,1424.00,1.05,1.20,1.21,1.68,1.78,2161.4,2484.8,2505.5,3462.4,3685.7,5.34,0.23,44.21,12.73
1426,1426.00,1.05,1.20,1.21,1.68,1.78,2164.7,2486.2,2506.9,3467.8,3691.6,5.36,0.23,44.20,12.87
1428,1428.00,1.05,1.21,1.22,1.68,1.79,2168.1,2497.0,2517.7,3473.4,3697.6,5.33,0.23,44.23,12.56
1430,1430.00,1.05,1.20,1.21,1.68,1.79,2171.4,2495.8,2516.6,3478.9,3703.5,5.37,0.23,44.20,12.83
1432,1432.00,1.05,1.21,1.22,1.68,1.79,2174.7,2502.8,2523.6,3484.3,3709.4,5.36,0.23,44.22,12.71
1434,1434.00,1.05,1.20,1.21,1.68,1.79,2178.1,2505.7,2526.5,3489.8,3715.3,5.37,0.23,44.21,12.78
1436,1436.00,1.05,1.21,1.22,1.68,1.79,2181.4,2513.0,2533.8,3495.3,3721.2,5.36,0.23,44.22,12.64
1438,1438.00,1.05,1.20,1.21,1.68,1.79,2184.7,2511.4,2532.2,3500.8,3727.0,5.41,0.23,44.19,12.93
1440,1440.00,1.05,1.21,1.22,1.68,1.79,2188.1,2520.3,2541.2,3506.2,3732.9,5.38,0.23,44.22,12.70
1442,1442.00,1.05,1.21,1.22,1.68,1.79,2191.4,2521.1,2542.0,3511.7,3738.8,5.41,0.23,44.20,12.88
1444,1444.00,1.05,1.21,1.22,1.68,1.79,2194.7,2524.4,2545.4,3517.2,3744.7,5.42,0.23,44.19,12.93
1446,1446.00,1.05,1.21,1.22,1.68,1.79,2198.1,2529.9,2550.9,3522.6,3750.6,5.42,0.23,44.20,12.87
1448,1448.00,1.05,1.21,1.22,1.68,1.79,2201.4,2531.5,2552.5,3528.1,3756.4,5.44,0.23,44.18,13.01
1450,1450.00,1.05,1.21,1.22,1.68,1.79,2204.7,2537.2,2558.2,3533.6,3762.3,5.44,0.23,44.19,12.95
1452,1452.00,1.05,1.21,1.22,1.68,1.79,2208.1,2543.2,2564.2,3539.1,3768.2,5.44,0.23,44.20,12.87
1454,1454.00,1.05,1.21,1.22,1.68,1.79,2211.4,2544.4,2565.5,3544.5,3774.1,5.46,0.23,44.18,13.02
1456,1456.00,1.05,1.22,1.23,1.68,1.79,2214.8,2571.0,2592.1,3550.0,3780.0,5.31,0.23,44.30,11.93
1458,1458.00,1.05,1.21,1.22,1.68,1.79,2218.1,2553.4,2574.6,3555.4,3785.8,5.47,0.23,44.18,13.00
1460,1460.00,1.05,1.21,1.22,1.68,1.79,2221.5,2553.4,2574.6,3560.9,3791.6,5.51,0.23,44.16,13.22
1462,1462.00,1.05,1.21,1.22,1.68,1.79,2224.8,2557.9,2579.1,3566.4,3797.5,5.51,0.22,44.16,13.21
1464,1464.00,1.05,1.21,1.22,1.68,1.79,2228.2,2571.7,2592.9,3571.9,3803.5,5.45,0.22,44.21,12.75
1466,1466.00,1.05,1.21,1.22,1.68,1.79,2231.5,2568.7,2589.9,3577.3,3809.3,5.51,0.22,44.17,13.11
1468,1468.00,1.05,1.21,1.22,1.68,1.79,2234.9,2573.3,2594.5,3582.7,3815.1,5.51,0.22,44.17,13.10
1470,1470.00,1.05,1.21,1.22,1.68,1.79,2238.2,2574.5,2595.9,3588.1,3820.9,5.54,0.22,44.16,13.25
1472,1472.00,1.05,1.21,1.22,1.68,1.79,2241.6,2580.5,2601.9,3593.6,3826.9,5.53,0.22,44.17,13.18
1474,1474.00,1.05,1.21,1.22,1.68,1.79,2244.9,2584.0,2605.4,3599.1,3832.7,5.54,0.22,44.16,13.22
1476,1476.00,1.05,1.21,1.22,1.68,1.79,2248.3,2587.2,2608.7,3604.6,3838.6,5.56,0.22,44.15,13.28
1478,1478.00,1.05,1.21,1.22,1.68,1.79,2251.6,2586.9,2608.4,3610.1,3844.5,5.60,0.22,44.13,13.51
1480,1480.00,1.05,1.21,1.22,1.68,1.79,2255.0,2597.0,2618.5,3615.6,3850.5,5.56,0.22,44.16,13.23
1482,1482.00,1.05,1.21,1.22,1.68,1.79,2258.3,2602.7,2624.2,3621.2,3856.5,5.56,0.22,44.17,13.16
1484,1484.00,1.05,1.21,1.22,1.68,1.79,2261.7,2607.2,2628.7,3626.7,3862.4,5.56,0.22,44.17,13.16
1486,1486.00,1.05,1.22,1.23,1.69,1.79,2265.1,2621.1,2642.7,3632.1,3868.2,5.50,0.22,44.22,12.69
1488,1488.00,1.05,1.22,1.23,1.69,1.80,2268.4,2633.9,2655.5,3637.5,3874.0,5.44,0.22,44.26,12.28
1490,1490.00,1.05,1.23,1.24,1.69,1.80,2271.8,2647.7,2669.3,3642.8,3879.6,5.38,0.22,44.31,11.81
1492,1492.00,1.05,1.24,1.25,1.69,1.80,2275.1,2680.6,2702.2,3648.1,3885.3,5.16,0.22,44.47,10.38
1494,1494.00,1.05,1.23,1.24,1.69,1.80,2278.5,2670.8,2692.4,3653.2,3890.8,5.28,0.22,44.39,11.08
1496,1496.00,1.05,1.24,1.25,1.69,1.80,2281.8,2696.5,2718.2,3658.4,3896.3,5.11,0.22,44.51,10.00
1498,1498.00,1.05,1.24,1.25,1.69,1.80,2285.2,2685.7,2707.5,3663.3,3901.5,5.23,0.22,44.43,10.75
1500,1500.00,1.05,1.24,1.25,1.69,1.80,2288.5,2704.4,2726.2,3668.3,3906.9,5.12,0.22,44.50,10.02
1502,1502.00,1.05,1.21,1.22,1.69,1.80,2291.9,2626.4,2648.1,3673.5,3912.4,5.74,0.22,44.07,14.09
1504,1504.00,1.05,1.21,1.22,1.69,1.80,2295.3,2638.7,2660.5,3678.8,3918.1,5.69,0.22,44.11,13.70
1506,1506.00,1.05,1.21,1.22,1.69,1.80,2298.6,2641.4,2663.3,3684.3,3924.1,5.70,0.22,44.10,13.79
1508,1508.00,1.05,1.21,1.22,1.69,1.80,2302.0,2640.7,2662.6,3689.9,3930.0,5.74,0.22,44.07,14.04
1510,1510.00,1.05,1.21,1.22,1.69,1.80,2305.4,2652.7,2674.6,3695.4,3935.9,5.70,0.22,44.11,13.67
1512,1512.00,1.05,1.21,1.22,1.69,1.80,2308.8,2656.1,2678.1,3700.9,3941.8,5.71,0.22,44.11,13.71
1514,1514.00,1.05,1.22,1.23,1.69,1.80,2312.1,2689.7,2711.7,3706.4,3947.8,5.51,0.22,44.26,12.28
1516,1516.00,1.05,1.22,1.23,1.69,1.80,2315.5,2686.7,2708.7,3711.7,3953.4,5.56,0.22,44.22,12.64
1518,1518.00,1.05,1.21,1.22,1.69,1.80,2318.9,2664.2,2686.2,3717.1,3959.2,5.76,0.22,44.08,13.96
1520,1520.00,1.05,1.22,1.23,1.69,1.80,2322.3,2679.3,2701.4,3722.5,3965.1,5.69,0.22,44.14,13.44
1522,1522.00,1.05,1.21,1.22,1.69,1.80,2325.6,2667.1,2689.2,3728.0,3971.0,5.81,0.22,44.05,14.25
1524,1524.00,1.05,1.21,1.22,1.69,1.80,2329.0,2672.1,2694.2,3733.6,3977.0,5.81,0.22,44.05,14.22
1526,1526.00,1.05,1.21,1.22,1.69,1.80,2332.4,2676.7,2698.8,3739.1,3983.0,5.82,0.22,44.05,14.21
1528,1528.00,1.05,1.22,1.23,1.69,1.80,2335.8,2713.2,2735.4,3744.7,3988.9,5.59,0.22,44.22,12.64
1530,1530.00,1.05,1.21,1.22,1.69,1.80,2339.2,2694.4,2716.6,3750.0,3994.6,5.76,0.22,44.10,13.77
1532,1532.00,1.05,1.21,1.22,1.69,1.80,2342.6,2681.8,2704.0,3755.5,4000.5,5.89,0.22,44.01,14.61
1534,1534.00,1.05,1.21,1.22,1.69,1.80,2346.0,2687.9,2710.2,3761.1,4006.6,5.88,0.22,44.02,14.52
1536,1536.00,1.05,1.21,1.22,1.69,1.80,2349.4,2687.7,2709.9,3766.7,4012.6,5.92,0.22,43.99,14.76
1538,1538.00,1.05,1.21,1.22,1.69,1.80,2352.8,2696.7,2719.0,3772.3,4018.6,5.89,0.22,44.02,14.53
1540,1540.00,1.05,1.21,1.22,1.69,1.80,2356.1,2693.7,2716.1,3777.9,4024.7,5.95,0.22,43.98,14.89
1542,1542.00,1.06,1.21,1.22,1.69,1.80,2359.5,2710.8,2733.2,3783.5,4030.7,5.87,0.22,44.05,14.28
1544,1544.00,1.06,1.22,1.23,1.69,1.80,2362.9,2725.0,2747.4,3789.1,4036.6,5.81,0.22,44.10,13.80
1546,1546.00,1.06,1.22,1.23,1.69,1.80,2366.3,2728.8,2751.3,3794.5,4042.5,5.82,0.22,44.09,13.83
1548,1548.00,1.06,1.21,1.22,1.69,1.80,2369.7,2727.9,2750.4,3800.0,4048.4,5.86,0.22,44.07,14.10
1550,1550.00,1.06,1.21,1.22,1.69,1.80,2373.1,2727.3,2749.8,3805.5,4054.3,5.90,0.22,44.04,14.34
1552,1552.00,1.06,1.22,1.23,1.69,1.80,2376.5,2735.6,2758.1,3811.1,4060.3,5.88,0.22,44.06,14.16
1554,1554.00,1.06,1.22,1.23,1.69,1.80,2379.9,2745.5,2768.0,3816.5,4066.2,5.84,0.22,44.09,13.89
1556,1556.00,1.06,1.21,1.22,1.69,1.80,2383.3,2739.3,2761.9,3822.0,4072.0,5.92,0.22,44.03,14.40
1558,1558.00,1.06,1.21,1.22,1.69,1.80,2386.7,2743.1,2765.7,3827.6,4078.0,5.93,0.22,44.03,14.44
1560,1560.00,1.06,1.21,1.22,1.69,1.81,2390.1,2735.9,2758.5,3833.1,4084.0,6.02,0.22,43.97,15.00
1562,1562.00,1.06,1.21,1.22,1.69,1.81,2393.5,2751.2,2773.9,3838.7,4090.0,5.95,0.22,44.02,14.47
1564,1564.00,1.06,1.21,1.22,1.69,1.81,2397.0,2753.4,2776.1,3844.2,4095.9,5.97,0.22,44.01,14.58
1566,1566.00,1.06,1.21,1.22,1.69,1.81,2400.4,2753.7,2776.4,3849.8,4101.9,6.01,0.22,43.99,14.79
1568,1568.00,1.06,1.22,1.23,1.70,1.81,2403.8,2772.0,2794.7,3855.3,4107.9,5.91,0.22,44.06,14.11
1570,1570.00,1.06,1.22,1.23,1.70,1.81,2407.2,2775.0,2797.8,3860.8,4113.7,5.93,0.22,44.06,14.18
1572,1572.00,1.06,1.22,1.23,1.70,1.81,2410.6,2775.4,2798.2,3866.3,4119.6,5.96,0.22,44.03,14.38
1574,1574.00,1.06,1.21,1.22,1.70,1.81,2414.0,2773.6,2796.4,3871.8,4125.6,6.01,0.22,44.00,14.69
1576,1576.00,1.06,1.21,1.22,1.70,1.81,2417.4,2773.1,2796.0,3877.4,4131.5,6.05,0.22,43.98,14.92
1578,1578.00,1.06,1.21,1.22,1.70,1.81,2420.8,2773.5,2796.3,3883.0,4137.6,6.09,0.22,43.95,15.13
1580,1580.00,1.06,1.21,1.22,1.70,1.81,2424.3,2781.8,2804.7,3888.6,4143.6,6.06,0.22,43.97,14.94
1582,1582.00,1.06,1.21,1.22,1.70,1.81,2427.7,2785.7,2808.7,3894.2,4149.6,6.07,0.22,43.97,14.97
1584,1584.00,1.06,1.21,1.22,1.70,1.81,2431.1,2786.1,2809.1,3899.7,4155.6,6.11,0.22,43.95,15.17
1586,1586.00,1.06,1.21,1.22,1.70,1.81,2434.5,2787.8,2810.8,3905.3,4161.6,6.13,0.22,43.93,15.30
1588,1588.00,1.06,1.21,1.22,1.70,1.81,2438.0,2787.9,2811.0,3911.0,4167.7,6.17,0.22,43.91,15.51
1590,1590.00,1.06,1.21,1.22,1.70,1.81,2441.4,2792.6,2815.7,3916.6,4173.7,6.17,0.22,43.91,15.51
1592,1592.00,1.06,1.22,1.23,1.70,1.81,2444.8,2809.5,2832.6,3922.3,4179.8,6.09,0.22,43.98,14.91
1594,1594.00,1.06,1.22,1.23,1.70,1.81,2448.2,2824.3,2847.4,3927.8,4185.8,6.02,0.22,44.03,14.40
1596,1596.00,1.06,1.21,1.22,1.70,1.81,2451.7,2808.8,2831.9,3933.3,4191.7,6.17,0.22,43.93,15.37
1598,1598.00,1.06,1.21,1.22,1.70,1.81,2455.1,2807.1,2830.2,3938.9,4197.8,6.22,0.22,43.89,15.68
1600,1600.00,1.04,1.20,1.21,1.69,1.81,2424.6,2790.0,2813.2,3930.5,4193.3,6.20,0.22,43.91,15.53
1602,1602.00,1.04,1.20,1.21,1.69,1.81,2427.8,2797.3,2820.5,3936.1,4199.3,6.19,0.22,43.92,15.39
1604,1604.00,1.04,1.21,1.22,1.69,1.81,2431.0,2818.9,2842.1,3941.5,4205.2,6.07,0.22,44.02,14.55
1606,1606.00,1.05,1.15,1.16,1.69,1.81,2434.2,2677.5,2700.8,3946.9,4211.0,7.00,0.22,43.25,21.47
1608,1608.00,1.05,1.17,1.18,1.70,1.81,2437.5,2718.8,2742.1,3953.4,4218.1,6.80,0.22,43.44,19.78
1610,1610.00,1.05,1.14,1.15,1.70,1.81,2440.7,2666.3,2689.6,3959.6,4224.8,7.13,0.22,43.14,22.42
1612,1612.00,1.05,1.14,1.15,1.70,1.81,2444.0,2657.7,2681.1,3966.0,4231.9,7.21,0.22,43.07,23.04
1614,1614.00,1.05,1.15,1.16,1.70,1.81,2447.2,2684.3,2707.7,3972.5,4239.0,7.10,0.22,43.18,22.05
1616,1616.00,1.05,1.18,1.19,1.70,1.81,2450.4,2756.6,2780.0,3978.7,4245.8,6.71,0.22,43.54,18.90
1618,1618.00,1.05,1.23,1.24,1.70,1.81,2453.7,2885.2,2908.6,3984.7,4252.4,5.87,0.22,44.20,12.88
1620,1620.00,1.05,1.22,1.23,1.70,1.81,2456.9,2872.0,2895.5,3989.8,4257.8,6.01,0.22,44.10,13.75
1622,1622.00,1.05,1.21,1.22,1.70,1.81,2460.1,2838.3,2861.8,3995.1,4263.6,6.28,0.22,43.90,15.61
1624,1624.00,1.05,1.21,1.22,1.70,1.81,2463.3,2856.2,2879.8,4000.7,4269.5,6.19,0.22,43.97,14.94
1626,1626.00,1.05,1.22,1.23,1.70,1.81,2466.5,2888.0,2911.6,4005.9,4275.2,6.00,0.22,44.12,13.59
1628,1628.00,1.05,1.20,1.21,1.70,1.81,2469.7,2845.2,2868.8,4011.2,4280.9,6.34,0.22,43.87,15.90
1630,1630.00,1.05,1.20,1.21,1.70,1.81,2473.0,2833.6,2857.3,4016.8,4286.9,6.45,0.22,43.78,16.67
1632,1632.00,1.05,1.20,1.21,1.70,1.81,2476.2,2852.3,2875.9,4022.4,4293.0,6.36,0.22,43.86,15.98
1634,1634.00,1.05,1.20,1.21,1.70,1.81,2479.4,2852.4,2876.1,4028.0,4299.0,6.40,0.22,43.84,16.19
1636,1636.00,1.05,1.21,1.22,1.70,1.81,2482.6,2864.8,2888.5,4033.5,4305.0,6.35,0.22,43.88,15.80
1638,1638.00,1.05,1.22,1.23,1.70,1.81,2485.9,2895.5,2919.3,4039.0,4310.9,6.17,0.22,44.02,14.50
1640,1640.00,1.05,1.21,1.22,1.70,1.81,2489.1,2868.4,2892.2,4044.3,4316.7,6.39,0.22,43.85,16.04
1642,1642.00,1.05,1.20,1.21,1.70,1.82,2492.3,2849.8,2873.7,4049.9,4322.7,6.55,0.22,43.73,17.15
1644,1644.00,1.05,1.21,1.22,1.70,1.82,2495.5,2895.3,2919.1,4055.6,4328.9,6.28,0.22,43.95,15.16
1646,1646.00,1.05,1.20,1.21,1.70,1.82,2498.8,2863.5,2887.4,4061.1,4334.8,6.53,0.22,43.76,16.91
1648,1648.00,1.05,1.20,1.21,1.70,1.82,2502.0,2863.6,2887.5,4066.7,4340.9,6.57,0.22,43.73,17.13
1650,1650.00,1.05,1.20,1.21,1.70,1.82,2505.2,2865.2,2889.1,4072.4,4347.1,6.59,0.22,43.72,17.26
1652,1652.00,1.05,1.20,1.21,1.70,1.82,2508.5,2881.6,2905.6,4078.1,4353.2,6.52,0.22,43.78,16.69
1654,1654.00,1.05,1.20,1.21,1.70,1.82,2511.7,2877.0,2901.0,4083.7,4359.3,6.58,0.22,43.73,17.12
1656,1656.00,1.05,1.20,1.21,1.70,1.82,2514.9,2889.8,2913.8,4089.4,4365.5,6.53,0.22,43.78,16.72
1658,1658.00,1.05,1.21,1.22,1.70,1.82,2518.2,2910.9,2934.9,4094.9,4371.5,6.42,0.22,43.87,15.91
1660,1660.00,1.05,1.20,1.21,1.70,1.82,2521.4,2897.2,2921.3,4100.5,4377.5,6.55,0.22,43.77,16.78
1662,1662.00,1.05,1.20,1.21,1.70,1.82,2524.6,2896.5,2920.6,4106.1,4383.6,6.59,0.22,43.74,17.03
1664,1664.00,1.05,1.21,1.22,1.70,1.82,2527.9,2909.8,2933.9,4111.7,4389.7,6.54,0.22,43.79,16.60
1666,1666.00,1.05,1.20,1.21,1.70,1.82,2531.1,2901.4,2925.5,4117.3,4395.7,6.63,0.22,43.72,17.22
1668,1668.00,1.05,1.20,1.21,1.70,1.82,2534.3,2906.0,2930.2,4123.0,4401.9,6.64,0.22,43.72,17.21
1670,1670.00,1.05,1.22,1.23,1.70,1.82,2537.6,2944.5,2968.7,4128.5,4407.9,6.41,0.22,43.91,15.56
1672,1672.00,1.05,1.21,1.22,1.70,1.82,2540.8,2938.6,2962.9,4133.9,4413.7,6.48,0.22,43.85,16.05
1674,1674.00,1.05,1.21,1.22,1.70,1.82,2544.0,2942.1,2966.4,4139.5,4419.7,6.49,0.22,43.85,16.10
1676,1676.00,1.05,1.20,1.21,1.71,1.82,2547.3,2927.8,2952.1,4145.0,4425.6,6.63,0.22,43.75,17.00
1678,1678.00,1.05,1.20,1.21,1.71,1.82,2550.5,2927.6,2952.0,4150.6,4431.7,6.66,0.22,43.72,17.23
1680,1680.00,1.05,1.21,1.22,1.71,1.82,2553.8,2938.2,2962.6,4156.2,4437.8,6.63,0.22,43.76,16.93
1682,1682.00,1.05,1.21,1.22,1.71,1.82,2557.0,2950.5,2974.9,4161.8,4443.8,6.58,0.22,43.80,16.54
1684,1684.00,1.05,1.21,1.22,1.71,1.82,2560.2,2960.8,2985.3,4167.3,4449.8,6.54,0.22,43.83,16.25
1686,1686.00,1.05,1.21,1.22,1.71,1.82,2563.5,2960.9,2985.4,4172.8,4455.7,6.58,0.22,43.81,16.46
1688,1688.00,1.05,1.21,1.22,1.71,1.82,2566.7,2963.6,2988.1,4178.3,4461.7,6.60,0.22,43.80,16.54
1690,1690.00,1.05,1.21,1.22,1.71,1.82,2569.9,2975.7,3000.2,4183.8,4467.6,6.55,0.22,43.84,16.17
1692,1692.00,1.05,1.21,1.22,1.71,1.82,2573.2,2969.4,2993.9,4189.3,4473.5,6.63,0.22,43.78,16.69
1694,1694.00,1.05,1.20,1.21,1.71,1.82,2576.4,2959.3,2983.9,4194.8,4479.5,6.73,0.22,43.70,17.39
1696,1696.00,1.05,1.20,1.21,1.71,1.82,2579.7,2962.4,2987.0,4200.5,4485.7,6.74,0.22,43.70,17.45
1698,1698.00,1.05,1.21,1.22,1.71,1.82,2582.9,2968.4,2993.1,4206.1,4491.7,6.74,0.22,43.71,17.38
1700,1700.00,1.05,1.20,1.21,1.71,1.82,2586.2,2964.8,2989.4,4211.7,4497.8,6.80,0.22,43.66,17.77
1702,1702.00,1.05,1.21,1.22,1.71,1.82,2589.4,2985.5,3010.1,4217.3,4503.9,6.70,0.22,43.75,16.98
1704,1704.00,1.05,1.21,1.22,1.71,1.82,2592.7,2982.9,3007.6,4222.9,4510.0,6.75,0.22,43.71,17.32
1706,1706.00,1.05,1.21,1.22,1.71,1.83,2595.9,3003.5,3028.2,4228.5,4516.0,6.64,0.22,43.80,16.53
1708,1708.00,1.05,1.22,1.23,1.71,1.83,2599.2,3012.2,3037.0,4234.0,4522.0,6.62,0.22,43.82,16.32
1710,1710.00,1.05,1.21,1.22,1.71,1.83,2602.4,3003.5,3028.3,4239.5,4527.8,6.71,0.22,43.75,16.96
1712,1712.00,1.05,1.21,1.22,1.71,1.83,2605.6,2992.3,3017.2,4245.0,4533.8,6.82,0.22,43.67,17.71
1714,1714.00,1.05,1.20,1.21,1.71,1.83,2608.9,2993.8,3018.7,4250.6,4539.9,6.85,0.22,43.65,17.85
1716,1716.00,1.05,1.21,1.22,1.71,1.83,2612.1,3007.9,3032.8,4256.2,4546.0,6.79,0.22,43.70,17.39
1718,1718.00,1.05,1.21,1.22,1.71,1.83,2615.4,3020.0,3044.9,4261.8,4552.0,6.74,0.22,43.75,17.01
1720,1720.00,1.05,1.21,1.22,1.71,1.83,2618.6,3022.3,3047.3,4267.4,4558.0,6.76,0.22,43.73,17.11
1722,1722.00,1.05,1.21,1.22,1.71,1.83,2621.9,3029.6,3054.6,4272.9,4564.1,6.75,0.22,43.75,16.97
1724,1724.00,1.05,1.21,1.22,1.71,1.83,2625.1,3031.8,3056.8,4278.4,4570.0,6.77,0.22,43.74,17.08
1726,1726.00,1.05,1.21,1.22,1.71,1.83,2628.4,3034.6,3059.6,4284.0,4576.0,6.78,0.22,43.73,17.16
1728,1728.00,1.05,1.21,1.22,1.71,1.83,2631.6,3043.9,3068.9,4289.5,4582.0,6.76,0.22,43.76,16.92
1730,1730.00,1.05,1.21,1.22,1.71,1.83,2634.9,3024.9,3050.0,4295.1,4588.0,6.92,0.22,43.63,18.06
1732,1732.00,1.05,1.22,1.23,1.71,1.83,2638.2,3073.9,3099.0,4300.7,4594.1,6.62,0.22,43.87,15.88
1734,1734.00,1.05,1.22,1.23,1.71,1.83,2641.4,3070.7,3095.8,4306.0,4599.8,6.67,0.22,43.83,16.25
1736,1736.00,1.05,1.21,1.22,1.71,1.83,2644.7,3037.5,3062.7,4311.6,4605.8,6.94,0.22,43.63,18.08
1738,1738.00,1.05,1.22,1.23,1.71,1.83,2647.9,3064.4,3089.6,4317.2,4611.9,6.79,0.22,43.75,16.99
1740,1740.00,1.05,1.23,1.24,1.71,1.83,2651.2,3104.9,3130.1,4322.6,4617.7,6.53,0.22,43.94,15.21
1742,1742.00,1.05,1.24,1.25,1.71,1.83,2654.4,3131.5,3156.7,4327.7,4623.2,6.37,0.22,44.07,14.10
1744,1744.00,1.05,1.24,1.25,1.71,1.83,2657.6,3137.6,3162.9,4332.8,4628.7,6.36,0.22,44.08,14.00
1746,1746.00,1.05,1.22,1.23,1.71,1.83,2660.9,3101.7,3127.0,4337.9,4634.2,6.66,0.22,43.86,15.99
1748,1748.00,1.05,1.22,1.23,1.71,1.83,2664.1,3086.6,3112.0,4343.3,4639.9,6.81,0.22,43.75,16.94
1750,1750.00,1.05,1.22,1.23,1.71,1.83,2667.4,3092.0,3117.4,4348.8,4645.9,6.80,0.22,43.76,16.89
1752,1752.00,1.05,1.23,1.24,1.71,1.83,2670.6,3122.6,3148.0,4354.2,4651.7,6.62,0.22,43.90,15.60
1754,1754.00,1.05,1.23,1.24,1.71,1.83,2673.9,3134.0,3159.4,4359.4,4657.4,6.57,0.21,43.94,15.24
1756,1756.00,1.05,1.24,1.25,1.71,1.83,2677.1,3154.1,3179.5,4364.7,4663.0,6.45,0.21,44.03,14.45
1758,1758.00,1.05,1.22,1.23,1.71,1.83,2680.4,3100.6,3126.1,4369.9,4668.6,6.88,0.21,43.71,17.30
1760,1760.00,1.05,1.21,1.22,1.71,1.83,2683.7,3100.7,3126.3,4375.4,4674.5,6.92,0.21,43.69,17.51
1762,1762.00,1.05,1.22,1.23,1.71,1.83,2686.9,3126.5,3152.1,4380.9,4680.5,6.77,0.21,43.81,16.46
1764,1764.00,1.05,1.22,1.23,1.71,1.83,2690.2,3121.3,3146.9,4386.3,4686.3,6.84,0.21,43.75,16.93
1766,1766.00,1.05,1.22,1.23,1.71,1.83,2693.4,3131.6,3157.2,4391.7,4692.2,6.81,0.21,43.79,16.64
1768,1768.00,1.05,1.22,1.23,1.71,1.83,2696.7,3119.2,3144.9,4397.1,4698.0,6.93,0.21,43.70,17.46
1770,1770.00,1.05,1.23,1.24,1.71,1.83,2699.9,3167.3,3193.0,4402.5,4703.8,6.62,0.21,43.93,15.30
1772,1772.00,1.05,1.22,1.23,1.72,1.83,2703.2,3137.3,3163.0,4407.8,4709.6,6.87,0.21,43.75,17.00
1774,1774.00,1.05,1.22,1.23,1.72,1.83,2706.5,3143.9,3169.7,4413.3,4715.4,6.86,0.21,43.76,16.89
1776,1776.00,1.05,1.23,1.24,1.72,1.83,2709.7,3177.3,3203.0,4418.7,4721.2,6.65,0.21,43.92,15.45
1778,1778.00,1.05,1.21,1.22,1.72,1.83,2713.0,3119.0,3144.7,4424.0,4727.0,7.10,0.21,43.58,18.52
1780,1780.00,1.05,1.23,1.24,1.72,1.83,2716.2,3186.4,3212.3,4429.4,4732.9,6.66,0.21,43.92,15.43
1782,1782.00,1.05,1.24,1.25,1.72,1.83,2719.5,3213.8,3239.7,4434.6,4738.4,6.48,0.21,44.05,14.27
1784,1784.00,1.05,1.24,1.25,1.72,1.83,2722.7,3213.7,3239.6,4439.6,4743.8,6.52,0.21,44.02,14.48
1786,1786.00,1.05,1.24,1.25,1.72,1.83,2726.0,3205.6,3231.5,4444.8,4749.3,6.62,0.21,43.96,15.10
1788,1788.00,1.05,1.22,1.23,1.72,1.83,2729.2,3175.2,3201.2,4450.0,4754.9,6.88,0.21,43.77,16.81
1790,1790.00,1.05,1.23,1.24,1.72,1.83,2732.5,3199.0,3225.0,4455.4,4760.8,6.74,0.21,43.87,15.85
1792,1792.00,1.05,1.24,1.25,1.72,1.83,2735.8,3226.7,3252.7,4460.6,4766.4,6.57,0.21,44.00,14.68
1794,1794.00,1.05,1.22,1.23,1.72,1.83,2739.0,3173.2,3199.3,4465.9,4772.0,7.00,0.21,43.69,17.54
1796,1796.00,1.05,1.22,1.23,1.72,1.83,2742.3,3170.9,3196.9,4471.4,4777.9,7.05,0.21,43.65,17.87
1798,1798.00,1.05,1.21,1.22,1.72,1.83,2745.6,3165.6,3191.7,4476.8,4783.9,7.12,0.21,43.60,18.34
1800,1800.00,1.05,1.22,1.23,1.72,1.83,2748.8,3176.2,3202.3,4482.4,4789.8,7.09,0.21,43.63,18.04
1802,1802.00,1.04,1.13,1.14,1.69,1.81,2717.6,2941.6,2967.7,4427.3,4736.8,8.68,0.20,42.57,27.35
1804,1804.00,1.04,1.11,1.12,1.69,1.81,2720.0,2905.8,2931.9,4431.2,4741.2,8.91,0.20,42.37,29.08
1806,1806.00,1.04,1.10,1.11,1.69,1.81,2722.4,2887.8,2914.0,4435.2,4745.7,9.05,0.20,42.26,30.02
1808,1808.00,1.04,1.10,1.11,1.69,1.81,2724.8,2895.3,2921.6,4439.2,4750.2,9.04,0.20,42.28,29.84
1810,1810.00,1.04,1.11,1.12,1.69,1.81,2727.1,2901.4,2927.7,4443.2,4754.6,9.04,0.20,42.29,29.73
1812,1812.00,1.04,1.10,1.11,1.69,1.81,2729.4,2890.7,2917.0,4447.1,4759.0,9.13,0.20,42.22,30.34
1814,1814.00,1.04,1.09,1.10,1.69,1.81,2731.8,2873.3,2899.6,4451.0,4763.3,9.26,0.20,42.11,31.24
1816,1816.00,1.04,1.09,1.10,1.69,1.81,2734.1,2874.2,2900.5,4454.9,4767.7,9.29,0.20,42.10,31.35
1818,1818.00,1.04,1.09,1.10,1.69,1.81,2736.4,2862.4,2888.7,4458.7,4772.0,9.38,0.20,42.02,32.00
1820,1820.00,1.04,1.08,1.09,1.69,1.81,2738.7,2843.9,2870.3,4462.5,4776.3,9.51,0.20,41.91,32.94
1822,1822.00,1.04,1.08,1.09,1.69,1.81,2740.9,2847.3,2873.7,4466.3,4780.6,9.53,0.20,41.91,32.94
1824,1824.00,1.04,1.07,1.08,1.69,1.81,2743.2,2834.3,2860.8,4470.2,4784.9,9.63,0.20,41.82,33.63
1826,1826.00,1.04,1.05,1.06,1.69,1.81,2745.4,2786.0,2812.5,4473.9,4789.1,9.91,0.20,41.56,35.78
1828,1828.00,1.04,1.09,1.10,1.69,1.81,2747.6,2898.4,2924.9,4477.7,4793.3,9.36,0.20,42.12,31.18
1830,1830.00,1.04,1.07,1.08,1.69,1.81,2749.8,2835.3,2861.8,4481.3,4797.4,9.73,0.20,41.78,34.00
1832,1832.00,1.04,1.08,1.09,1.69,1.81,2752.0,2859.1,2885.6,4484.9,4801.5,9.64,0.20,41.88,33.14
1834,1834.00,1.04,1.05,1.06,1.69,1.81,2754.2,2804.8,2831.4,4488.5,4805.5,9.95,0.20,41.59,35.55
1836,1836.00,1.04,1.04,1.05,1.69,1.81,2756.3,2778.5,2805.1,4492.1,4809.5,10.11,0.20,41.44,36.76
1838,1838.00,1.03,1.04,1.05,1.69,1.81,2758.4,2767.7,2794.3,4495.7,4813.6,10.20,0.20,41.37,37.34
1840,1840.00,1.03,1.02,1.03,1.69,1.81,2760.5,2729.1,2755.8,4499.3,4817.7,10.42,0.20,41.16,39.03
1842,1842.00,1.03,1.07,1.08,1.69,1.80,2762.6,2871.4,2898.1,4502.8,4821.7,9.75,0.20,41.86,33.30
1844,1844.00,1.03,1.05,1.06,1.68,1.80,2764.7,2801.7,2828.5,4506.1,4825.3,10.14,0.20,41.49,36.33
1846,1846.00,1.03,1.06,1.07,1.68,1.80,2766.8,2841.5,2868.2,4509.4,4829.1,9.97,0.20,41.68,34.81
1848,1848.00,1.03,1.03,1.04,1.68,1.80,2768.8,2747.4,2774.2,4512.6,4832.7,10.47,0.20,41.19,38.79
1850,1850.00,1.03,1.07,1.08,1.68,1.80,2770.8,2883.0,2909.8,4516.0,4836.5,9.82,0.20,41.86,33.32
1852,1852.00,1.03,1.01,1.02,1.68,1.80,2772.9,2706.1,2733.0,4519.0,4839.9,10.73,0.20,40.95,40.68
1854,1854.00,1.03,1.02,1.03,1.68,1.80,2774.9,2750.5,2777.4,4522.3,4843.7,10.55,0.19,41.16,39.03
1856,1856.00,1.03,1.03,1.04,1.68,1.80,2776.9,2776.8,2803.7,4525.5,4847.3,10.46,0.19,41.27,38.10
1858,1858.00,1.03,1.00,1.01,1.68,1.80,2778.8,2682.9,2709.8,4528.6,4850.8,10.94,0.19,40.79,41.95
1860,1860.00,1.03,1.00,1.01,1.68,1.80,2780.8,2694.4,2721.3,4531.9,4854.5,10.92,0.19,40.83,41.62
1862,1862.00,1.03,1.00,1.01,1.68,1.80,2782.8,2703.1,2730.1,4535.1,4858.1,10.91,0.19,40.86,41.40
1864,1864.00,1.03,1.01,1.02,1.68,1.80,2784.7,2738.1,2765.1,4538.2,4861.6,10.78,0.19,41.02,40.13
1866,1866.00,1.03,1.03,1.03,1.68,1.80,2786.7,2789.9,2789.9,4541.2,4865.0,10.56,0.19,41.26,38.17
1868,1868.00,1.03,0.99,0.99,1.68,1.80,2788.6,2682.4,2682.4,4544.1,4868.3,11.10,0.19,40.71,42.55
1870,1870.00,1.03,1.01,1.01,1.68,1.80,2790.6,2736.3,2736.3,4547.1,4871.7,10.89,0.19,40.97,40.55
1872,1872.00,1.03,0.99,0.99,1.68,1.80,2792.5,2694.1,2694.1,4550.1,4875.0,11.12,0.19,40.74,42.32
1874,1874.00,1.03,0.98,0.98,1.68,1.79,2794.5,2665.4,2665.4,4553.1,4878.5,11.28,0.19,40.58,43.54
1876,1876.00,1.03,0.97,0.97,1.67,1.79,2796.4,2633.3,2633.3,4556.2,4881.9,11.46,0.19,40.41,44.89
1878,1878.00,1.03,0.98,0.98,1.67,1.79,2798.4,2673.1,2673.1,4559.2,4885.3,11.31,0.19,40.59,43.47
1880,1880.00,1.03,1.01,1.01,1.67,1.79,2800.3,2764.1,2764.1,4562.1,4888.6,10.91,0.19,41.03,40.02
1882,1882.00,1.03,1.09,1.09,1.69,1.81,2823.9,2962.4,2962.4,4602.1,4929.1,9.85,0.19,41.90,32.97
1884,1884.00,1.03,1.05,1.05,1.69,1.81,2826.0,2858.4,2858.4,4605.3,4932.6,10.42,0.19,41.36,37.44
1886,1886.00,1.03,1.03,1.03,1.68,1.80,2828.1,2809.5,2809.5,4608.6,4936.4,10.69,0.19,41.09,39.54
1888,1888.00,1.03,1.04,1.04,1.68,1.80,2830.2,2849.2,2849.2,4612.0,4940.1,10.53,0.19,41.28,38.07
1890,1890.00,1.03,1.06,1.06,1.68,1.80,2832.4,2903.8,2903.8,4615.2,4943.8,10.29,0.19,41.54,35.95
1892,1892.00,1.03,1.04,1.04,1.68,1.80,2834.5,2847.1,2847.1,4618.5,4947.4,10.61,0.19,41.24,38.40
1894,1894.00,1.03,1.02,1.02,1.68,1.80,2836.6,2794.8,2794.8,4621.8,4951.1,10.89,0.19,40.96,40.63
1896,1896.00,1.03,1.02,1.02,1.68,1.80,2838.8,2795.7,2795.7,4625.2,4955.0,10.92,0.19,40.94,40.72
1898,1898.00,1.03,1.02,1.02,1.68,1.80,2841.0,2797.0,2797.0,4628.6,4958.7,10.95,0.19,40.93,40.79
1900,1900.00,1.03,1.01,1.01,1.68,1.80,2843.1,2776.6,2776.6,4632.1,4962.6,11.07,0.19,40.82,41.72
1902,1902.00,1.03,1.04,1.04,1.68,1.80,2845.3,2856.3,2856.3,4635.5,4966.4,10.72,0.19,41.20,38.67
1904,1904.00,1.03,0.99,0.99,1.68,1.80,2847.6,2725.5,2725.5,4638.8,4970.1,11.37,0.19,40.53,43.96
1906,1906.00,1.03,1.00,1.00,1.68,1.80,2849.8,2753.2,2753.2,4642.5,4974.1,11.28,0.19,40.65,43.02
1908,1908.00,1.03,0.97,0.97,1.68,1.80,2852.1,2684.0,2684.0,4645.9,4978.0,11.62,0.19,40.29,45.79
1910,1910.00,1.03,0.96,0.96,1.68,1.80,2854.3,2668.4,2668.4,4649.7,4982.1,11.72,0.19,40.20,46.51
1912,1912.00,1.03,0.97,0.97,1.68,1.80,2856.6,2677.1,2677.1,4653.5,4986.3,11.71,0.19,40.22,46.31
1914,1914.00,1.03,0.96,0.96,1.68,1.80,2859.0,2652.2,2652.2,4657.2,4990.5,11.85,0.19,40.09,47.38
1916,1916.00,1.03,0.96,0.96,1.68,1.80,2861.3,2674.3,2674.3,4661.0,4994.7,11.79,0.19,40.18,46.68
1918,1918.00,1.03,0.98,0.98,1.68,1.80,2863.7,2729.6,2729.6,4664.8,4998.8,11.57,0.19,40.43,44.72
1920,1920.00,1.03,0.99,0.99,1.68,1.80,2866.1,2757.6,2757.6,4668.5,5002.9,11.47,0.19,40.56,43.77
1922,1922.00,1.03,0.99,0.99,1.68,1.80,2868.5,2755.1,2755.1,4672.1,5006.9,11.52,0.19,40.53,43.99
1924,1924.00,1.03,0.99,0.99,1.68,1.80,2870.9,2753.4,2753.4,4675.8,5010.9,11.55,0.19,40.50,44.19
1926,1926.00,1.03,0.99,0.99,1.68,1.80,2873.3,2767.0,2767.0,4679.5,5015.0,11.52,0.19,40.55,43.80
1928,1928.00,1.03,0.99,0.99,1.67,1.79,2875.8,2760.3,2760.3,4683.4,5019.2,11.58,0.19,40.50,44.19
1930,1930.00,1.03,0.96,0.96,1.67,1.79,2878.3,2677.7,2677.7,4687.2,5023.4,11.98,0.19,40.08,47.45
1932,1932.00,1.03,0.96,0.96,1.67,1.79,2880.8,2697.0,2697.0,4691.1,5027.7,11.92,0.19,40.15,46.86
1934,1934.00,1.03,0.97,0.97,1.67,1.79,2883.4,2730.2,2730.2,4695.1,5032.0,11.80,0.19,40.30,45.75
1936,1936.00,1.03,0.94,0.94,1.67,1.79,2885.9,2645.2,2645.2,4699.0,5036.3,12.20,0.19,39.86,49.05
1938,1938.00,1.03,0.94,0.94,1.67,1.79,2888.5,2636.5,2636.5,4703.1,5040.8,12.27,0.19,39.80,49.51
1940,1940.00,1.03,0.95,0.95,1.67,1.79,2891.1,2674.7,2674.7,4707.2,5045.2,12.13,0.19,39.97,48.24
1942,1942.00,1.03,0.97,0.97,1.67,1.79,2893.7,2721.2,2721.2,4711.3,5049.7,11.96,0.19,40.18,46.64
1944,1944.00,1.03,0.99,0.99,1.67,1.79,2896.4,2794.4,2794.4,4715.4,5054.1,11.65,0.19,40.53,43.99
1946,1946.00,1.03,0.96,0.96,1.67,1.79,2899.1,2711.3,2711.3,4719.3,5058.4,12.06,0.19,40.10,47.28
1948,1948.00,1.03,0.94,0.94,1.67,1.79,2901.7,2652.8,2652.8,4723.5,5062.9,12.34,0.19,39.79,49.59
1950,1950.00,1.03,0.92,0.92,1.67,1.79,2904.5,2611.1,2611.1,4727.7,5067.5,12.54,0.19,39.57,51.24
1952,1952.00,1.03,0.91,0.91,1.67,1.79,2907.2,2570.0,2570.0,4732.1,5072.2,12.74,0.19,39.35,52.84
1954,1954.00,1.03,0.93,0.93,1.67,1.79,2909.9,2635.0,2635.0,4736.4,5077.0,12.50,0.18,39.65,50.65
1956,1956.00,1.03,0.89,0.89,1.67,1.79,2912.7,2517.4,2517.4,4740.8,5081.7,13.00,0.18,39.06,54.96
1958,1958.00,1.03,0.90,0.90,1.67,1.79,2915.5,2542.7,2542.7,4745.3,5086.6,12.93,0.18,39.17,54.22
1960,1960.00,1.03,0.89,0.89,1.67,1.79,2918.3,2522.7,2522.7,4749.9,5091.5,13.04,0.18,39.05,55.05
1962,1962.00,1.03,0.92,0.92,1.67,1.79,2921.1,2627.8,2627.8,4754.4,5096.4,12.64,0.18,39.54,51.48
1964,1964.00,1.03,0.86,0.86,1.67,1.79,2923.9,2452.5,2452.5,4758.9,5101.3,13.37,0.18,38.68,57.73
1966,1966.00,1.03,0.87,0.87,1.67,1.79,2926.8,2477.9,2477.9,4763.6,5106.4,13.30,0.18,38.78,57.01
1968,1968.00,1.03,0.88,0.88,1.67,1.79,2929.7,2503.7,2503.7,4768.2,5111.4,13.22,0.18,38.88,56.27
1970,1970.00,1.03,0.87,0.87,1.67,1.79,2932.6,2489.5,2489.5,4772.9,5116.5,13.30,0.18,38.79,56.90
1972,1972.00,1.03,0.94,0.94,1.67,1.79,2935.5,2684.2,2684.2,4777.6,5121.6,12.54,0.18,39.71,50.18
1974,1974.00,1.03,0.89,0.89,1.67,1.79,2938.4,2561.4,2561.4,4782.2,5126.6,13.07,0.18,39.10,54.70
1976,1976.00,1.03,0.85,0.85,1.67,1.79,2941.3,2448.0,2448.0,4786.8,5131.6,13.54,0.18,38.54,58.72
1978,1978.00,1.03,0.88,0.88,1.67,1.79,2944.3,2512.9,2512.9,4791.6,5136.8,13.32,0.18,38.83,56.66
1980,1980.00,1.03,0.85,0.85,1.67,1.79,2947.2,2445.9,2445.9,4796.4,5141.9,13.60,0.18,38.49,59.07
1982,1982.00,1.03,0.86,0.86,1.67,1.79,2950.2,2466.9,2466.9,4801.3,5147.2,13.55,0.18,38.57,58.51
1984,1984.00,1.03,0.88,0.88,1.67,1.79,2953.2,2525.3,2525.3,4806.1,5152.4,13.35,0.18,38.83,56.67
1986,1986.00,1.03,0.90,0.90,1.67,1.79,2956.2,2584.0,2584.0,4810.8,5157.5,13.14,0.18,39.09,54.79
1988,1988.00,1.03,0.95,0.95,1.67,1.79,2959.2,2753.0,2753.0,4815.4,5162.4,12.45,0.18,39.89,48.86
1990,1990.00,1.03,0.90,0.90,1.67,1.79,2962.2,2608.3,2608.3,4820.0,5167.4,13.09,0.18,39.16,54.22
1992,1992.00,1.03,0.96,0.96,1.67,1.79,2965.3,2782.7,2782.7,4824.7,5172.4,12.37,0.18,40.00,48.06
1994,1994.00,1.03,0.89,0.89,1.67,1.79,2968.3,2575.6,2575.6,4829.3,5177.4,13.27,0.18,38.97,55.65
1996,1996.00,1.03,0.85,0.85,1.67,1.79,2971.4,2468.4,2468.4,4834.2,5182.6,13.71,0.18,38.44,59.43
1998,1998.00,1.03,0.89,0.89,1.67,1.79,2974.4,2577.0,2577.0,4839.1,5188.0,13.32,0.18,38.93,55.90
2000,2000.00,1.03,0.83,0.83,1.67,1.79,2977.5,2412.0,2412.0,4844.0,5193.2,13.97,0.18,38.13,61.58
2002,2002.00,1.03,0.86,0.86,1.67,1.79,2980.9,2510.9,2510.9,4849.4,5199.1,13.62,0.18,38.58,58.46
2004,2004.00,1.03,0.90,0.90,1.67,1.79,2984.2,2605.1,2605.1,4854.8,5204.8,13.28,0.18,39.00,55.39
2006,2006.00,1.03,0.84,0.84,1.67,1.79,2987.5,2432.2,2432.2,4860.1,5210.5,13.97,0.18,38.16,61.37
2008,2008.00,1.03,0.83,0.83,1.67,1.79,2990.8,2416.2,2416.2,4865.6,5216.4,14.05,0.18,38.06,62.05
2010,2010.00,1.03,0.88,0.88,1.67,1.79,2994.2,2575.7,2575.7,4871.0,5222.3,13.47,0.18,38.80,56.88
2012,2012.00,1.03,0.86,0.86,1.67,1.79,2997.5,2495.8,2495.8,4876.4,5228.0,13.80,0.18,38.39,59.73
2014,2014.00,1.03,0.88,0.88,1.67,1.79,3000.8,2571.3,2571.3,4881.7,5233.8,13.53,0.18,38.73,57.35
2016,2016.00,1.03,0.86,0.86,1.67,1.79,3004.1,2523.2,2523.2,4887.1,5239.5,13.74,0.18,38.48,59.13
2018,2018.00,1.03,0.89,0.89,1.67,1.79,3007.5,2612.1,2612.1,4892.4,5245.3,13.42,0.18,38.88,56.26
2020,2020.00,1.03,1.06,1.06,1.67,1.79,3010.8,3113.3,3113.3,4897.7,5250.9,11.13,0.18,41.35,37.50
2022,2022.00,1.03,0.91,0.91,1.67,1.79,3014.1,2662.1,2662.1,4902.5,5256.0,13.26,0.18,39.08,54.83
2024,2024.00,1.03,0.99,0.99,1.67,1.79,3017.5,2896.5,2896.5,4907.8,5261.6,12.27,0.18,40.21,46.44
2026,2026.00,1.03,0.90,0.90,1.67,1.79,3020.8,2647.9,2647.9,4912.8,5266.9,13.37,0.18,38.97,55.64
2028,2028.00,1.03,0.86,0.86,1.67,1.79,3024.1,2521.8,2521.8,4918.1,5272.6,13.88,0.18,38.35,60.07
2030,2030.00,1.03,0.87,0.87,1.67,1.79,3027.5,2556.9,2556.9,4923.5,5278.5,13.77,0.18,38.49,59.05
2032,2032.00,1.03,0.88,0.88,1.67,1.79,3030.8,2602.4,2602.4,4928.8,5284.2,13.62,0.18,38.69,57.67
2034,2034.00,1.03,0.85,0.85,1.67,1.79,3034.1,2498.7,2498.7,4934.2,5289.9,14.04,0.18,38.17,61.29
2036,2036.00,1.03,0.94,0.94,1.67,1.79,3037.5,2769.7,2769.7,4939.5,5295.7,12.98,0.18,39.45,52.14
2038,2038.00,1.03,0.87,0.87,1.67,1.79,3040.8,2570.6,2570.6,4944.7,5301.2,13.81,0.18,38.47,59.21
2040,2040.00,1.03,0.88,0.88,1.67,1.79,3044.2,2594.9,2594.9,4950.1,5307.0,13.74,0.18,38.56,58.55
2042,2042.00,1.03,0.87,0.87,1.67,1.79,3047.5,2577.2,2577.2,4955.4,5312.7,13.84,0.18,38.46,59.30
2044,2044.00,1.03,0.92,0.92,1.67,1.79,3050.8,2718.4,2718.4,4960.7,5318.4,13.30,0.18,39.11,54.61
2046,2046.00,1.03,0.95,0.95,1.67,1.79,3054.2,2809.2,2809.2,4965.9,5324.0,12.94,0.18,39.53,51.53
2048,2048.00,1.03,0.89,0.89,1.67,1.79,3057.5,2656.9,2656.9,4971.1,5329.5,13.59,0.18,38.77,57.06
2050,2050.00,1.03,0.89,0.89,1.67,1.79,3060.9,2635.5,2635.5,4976.4,5335.1,13.70,0.18,38.65,57.94
2052,2052.00,1.03,0.87,0.87,1.67,1.79,3064.2,2598.1,2598.1,4981.6,5340.8,13.87,0.18,38.45,59.36
2054,2054.00,1.03,0.86,0.86,1.67,1.79,3067.6,2570.5,2570.5,4987.0,5346.6,14.00,0.18,38.29,60.43
2056,2056.00,1.03,0.86,0.86,1.67,1.79,3070.9,2560.7,2560.7,4992.5,5352.5,14.06,0.18,38.23,60.91
2058,2058.00,1.03,0.83,0.83,1.67,1.80,3074.3,2481.9,2481.9,4997.9,5358.3,14.38,0.18,37.83,63.63
2060,2060.00,1.03,0.86,0.86,1.67,1.80,3077.6,2582.2,2582.2,5003.4,5364.2,14.03,0.18,38.28,60.51
2062,2062.00,1.03,0.84,0.84,1.67,1.80,3080.9,2523.8,2523.8,5008.9,5370.1,14.27,0.18,37.98,62.59
2064,2064.00,1.03,0.85,0.85,1.68,1.80,3084.3,2531.9,2531.9,5014.4,5376.1,14.27,0.18,38.00,62.48
2066,2066.00,1.03,0.95,0.95,1.68,1.80,3087.7,2857.7,2857.7,5019.8,5381.9,12.98,0.18,39.54,51.43
2068,2068.00,1.03,0.94,0.94,1.68,1.80,3091.0,2815.5,2815.5,5025.0,5387.4,13.19,0.18,39.32,53.12
2070,2070.00,1.03,0.89,0.89,1.68,1.80,3094.4,2673.7,2673.7,5030.2,5393.0,13.79,0.18,38.61,58.22
2072,2072.00,1.03,0.90,0.90,1.68,1.80,3097.7,2710.6,2710.6,5035.5,5398.7,13.67,0.18,38.76,57.11
2074,2074.00,1.03,0.93,0.93,1.68,1.80,3101.1,2787.4,2787.4,5040.8,5404.3,13.38,0.18,39.11,54.60
2076,2076.00,1.03,0.88,0.88,1.68,1.80,3104.4,2640.7,2640.7,5046.0,5409.9,13.99,0.18,38.39,59.79
2078,2078.00,1.03,0.92,0.92,1.68,1.80,3107.8,2785.9,2785.9,5051.4,5415.7,13.43,0.18,39.06,54.97
2080,2080.00,1.03,0.91,0.91,1.68,1.80,3111.1,2734.5,2734.5,5056.6,5421.3,13.67,0.18,38.79,56.92
2082,2082.00,1.03,0.86,0.86,1.68,1.80,3114.5,2609.8,2609.8,5062.0,5427.0,14.18,0.18,38.17,61.28
2084,2084.00,1.03,0.90,0.90,1.68,1.80,3117.8,2712.0,2712.0,5067.5,5433.0,13.81,0.18,38.64,58.01
2086,2086.00,1.03,0.91,0.91,1.68,1.80,3121.2,2766.1,2766.1,5072.8,5438.6,13.61,0.18,38.88,56.30
2088,2088.00,1.03,0.91,0.91,1.68,1.80,3124.6,2744.2,2744.2,5078.1,5444.4,13.72,0.18,38.75,57.22
2090,2090.00,1.03,0.94,0.94,1.68,1.80,3127.9,2858.6,2858.6,5083.5,5450.1,13.27,0.18,39.28,53.37
2092,2092.00,1.03,0.93,0.93,1.68,1.80,3131.3,2830.6,2830.6,5088.7,5455.7,13.42,0.18,39.12,54.52
2094,2094.00,1.03,0.87,0.87,1.68,1.80,3134.7,2643.4,2643.4,5093.9,5461.2,14.19,0.18,38.20,61.08
2096,2096.00,1.03,0.87,0.87,1.68,1.80,3138.0,2647.0,2647.0,5099.4,5467.1,14.20,0.18,38.20,61.12
2098,2098.00,1.03,0.87,0.87,1.68,1.80,3141.4,2642.4,2642.4,5104.8,5473.0,14.24,0.18,38.15,61.43
2100,2100.00,1.03,0.88,0.88,1.68,1.80,3144.7,2682.8,2682.8,5110.3,5478.9,14.11,0.18,38.32,60.24
2102,2102.00,1.03,0.87,0.87,1.68,1.80,3148.1,2662.1,2662.1,5115.8,5484.7,14.21,0.18,38.20,61.09
2104,2104.00,1.03,0.89,0.89,1.68,1.80,3151.5,2727.7,2727.7,5121.2,5490.6,13.98,0.18,38.49,59.05
2106,2106.00,1.03,0.86,0.86,1.68,1.80,3154.8,2633.2,2633.2,5126.7,5496.5,14.37,0.18,38.02,62.35
2108,2108.00,1.03,0.88,0.88,1.68,1.80,3158.2,2692.3,2692.3,5132.2,5502.4,14.17,0.18,38.28,60.55
2110,2110.00,1.03,0.88,0.88,1.68,1.80,3161.6,2707.8,2707.8,5137.6,5508.2,14.13,0.18,38.33,60.19
2112,2112.00,1.03,0.88,0.88,1.68,1.80,3165.0,2699.0,2699.0,5143.1,5514.1,14.19,0.18,38.26,60.64
2114,2114.00,1.03,0.87,0.87,1.68,1.80,3168.3,2679.5,2679.5,5148.6,5520.0,14.29,0.18,38.15,61.45
2116,2116.00,1.03,0.89,0.89,1.68,1.80,3171.7,2731.4,2731.4,5154.1,5525.9,14.12,0.18,38.37,59.87
2118,2118.00,1.03,0.90,0.90,1.68,1.80,3175.1,2773.1,2773.1,5159.5,5531.7,13.97,0.18,38.55,58.62
2120,2120.00,1.03,0.92,0.92,1.68,1.80,3178.5,2825.9,2825.9,5164.9,5537.5,13.79,0.18,38.78,56.97
2122,2122.00,1.03,0.89,0.89,1.68,1.80,3181.8,2726.0,2726.0,5170.2,5543.2,14.21,0.18,38.28,60.52
2124,2124.00,1.03,0.89,0.89,1.68,1.80,3185.2,2756.4,2756.4,5175.7,5549.1,14.11,0.18,38.40,59.66
2126,2126.00,1.03,0.90,0.90,1.68,1.80,3188.6,2764.4,2764.4,5181.1,5554.9,14.11,0.18,38.42,59.55
2128,2128.00,1.03,0.87,0.87,1.68,1.80,3192.0,2674.0,2674.0,5186.5,5560.7,14.48,0.18,37.97,62.70
2130,2130.00,1.03,0.88,0.88,1.68,1.80,3195.3,2708.9,2708.9,5192.0,5566.6,14.37,0.18,38.11,61.71
2132,2132.00,1.03,0.90,0.90,1.68,1.80,3198.7,2775.0,2775.0,5197.5,5572.5,14.14,0.18,38.40,59.67
2134,2134.00,1.03,0.92,0.92,1.68,1.80,3202.1,2844.1,2844.1,5202.9,5578.3,13.88,0.18,38.71,57.47
2136,2136.00,1.03,0.92,0.92,1.68,1.80,3205.5,2855.7,2855.7,5208.3,5584.1,13.86,0.18,38.75,57.23
2138,2138.00,1.03,0.93,0.93,1.68,1.80,3208.9,2883.7,2883.7,5213.6,5589.8,13.77,0.18,38.86,56.41
2140,2140.00,1.03,0.92,0.92,1.68,1.80,3212.2,2848.7,2848.7,5218.9,5595.5,13.94,0.18,38.67,57.79
2142,2142.00,1.04,0.88,0.88,1.68,1.80,3215.6,2736.3,2736.3,5224.3,5601.2,14.41,0.18,38.11,61.73
2144,2144.00,1.04,0.93,0.93,1.68,1.80,3219.0,2881.3,2881.3,5229.7,5607.1,13.85,0.18,38.78,56.98
2146,2146.00,1.04,0.91,0.91,1.68,1.80,3222.4,2825.2,2825.2,5235.1,5612.8,14.11,0.18,38.49,59.07
2148,2148.00,1.04,0.89,0.89,1.68,1.80,3225.8,2787.9,2787.9,5240.4,5618.6,14.28,0.18,38.29,60.48
2150,2150.00,1.04,0.90,0.90,1.68,1.80,3229.2,2812.6,2812.6,5245.9,5624.4,14.20,0.18,38.38,59.81
2152,2152.00,1.04,0.91,0.91,1.68,1.80,3232.6,2839.6,2839.6,5251.3,5630.2,14.12,0.18,38.49,59.05
2154,2154.00,1.04,0.89,0.89,1.68,1.80,3235.9,2779.9,2779.9,5256.7,5636.0,14.38,0.18,38.18,61.22
2156,2156.00,1.04,0.89,0.89,1.68,1.80,3239.3,2792.6,2792.6,5262.2,5641.9,14.36,0.18,38.22,60.95
2158,2158.00,1.04,0.91,0.91,1.68,1.80,3242.7,2856.0,2856.0,5267.6,5647.8,14.13,0.18,38.50,58.97
2160,2160.00,1.04,0.90,0.90,1.68,1.80,3246.1,2834.4,2834.4,5273.0,5653.5,14.24,0.18,38.38,59.86
2162,2162.00,1.04,0.93,0.93,1.68,1.80,3249.5,2902.9,2902.9,5278.4,5659.3,13.99,0.18,38.68,57.68
2164,2164.00,1.04,0.93,0.93,1.68,1.80,3252.9,2925.4,2925.4,5283.7,5665.0,13.92,0.18,38.77,57.06
2166,2166.00,1.04,0.92,0.92,1.68,1.81,3256.3,2897.0,2897.0,5289.0,5670.7,14.06,0.18,38.61,58.20
