depth,dt,rhob,pp,omega_v,omega_h_caps,omega_h,e,poissons_ration,friction_agnle,ucs,cp,cp_timer,lcp,fp
350,180.82 ,1.94 ,1.05 ,1.819838456,1.73 ,1.57 ,0.42 ,0.27 ,45.47 ,0.730050692,1.24 ,1.32 ,1.57 ,1.650744545
352,180.68 ,1.94 ,1.05 ,1.82045475,1.73 ,1.57 ,0.43 ,0.27 ,45.47 ,0.733738879,1.24 ,1.32 ,1.57 ,1.651237613
354,180.55 ,1.90 ,1.05 ,1.821063448,1.73 ,1.57 ,0.43 ,0.27 ,45.47 ,0.709974697,1.24 ,1.32 ,1.57 ,1.651723899
356,180.41 ,1.91 ,1.05 ,1.821420877,1.73 ,1.57 ,0.44 ,0.27 ,45.47 ,0.718065518,1.24 ,1.32 ,1.57 ,1.65201134
358,180.27 ,1.80 ,1.05 ,1.821344457,1.73 ,1.57 ,0.44 ,0.27 ,45.48 ,0.639207649,1.25 ,1.33 ,1.57 ,1.651954289
360,180.14 ,1.65 ,1.05 ,1.821097111,1.73 ,1.57 ,0.43 ,0.27 ,45.49 ,0.538641142,1.25 ,1.33 ,1.57 ,1.651761414
362,180.00 ,1.80 ,1.05 ,1.820706516,1.73 ,1.57 ,0.45 ,0.27 ,45.48 ,0.645656836,1.25 ,1.33 ,1.57 ,1.651457446
364,179.86 ,1.64 ,1.05 ,1.820725032,1.73 ,1.57 ,0.44 ,0.27 ,45.49 ,0.534706356,1.25 ,1.33 ,1.57 ,1.651474015
366,179.73 ,1.81 ,1.05 ,1.820018274,1.73 ,1.57 ,0.46 ,0.27 ,45.48 ,0.65265117,1.25 ,1.33 ,1.57 ,1.650919622
368,179.59 ,1.88 ,1.05 ,1.820208764,1.73 ,1.57 ,0.47 ,0.27 ,45.47 ,0.71056137,1.24 ,1.32 ,1.57 ,1.651073415
370,179.45 ,1.99 ,1.05 ,1.820755744,1.73 ,1.57 ,0.49 ,0.27 ,45.46 ,0.799042238,1.24 ,1.32 ,1.57 ,1.651508844
372,179.32 ,1.96 ,1.05 ,1.821664839,1.73 ,1.58 ,0.49 ,0.27 ,45.47 ,0.776301979,1.24 ,1.32 ,1.58 ,1.652228841
374,179.18 ,1.77 ,1.05 ,1.822080814,1.73 ,1.58 ,0.48 ,0.27 ,45.48 ,0.636160013,1.25 ,1.33 ,1.58 ,1.65255745
376,179.04 ,1.77 ,1.05 ,1.821684112,1.73 ,1.58 ,0.49 ,0.27 ,45.48 ,0.638251332,1.25 ,1.33 ,1.58 ,1.652245098
378,178.91 ,1.80 ,1.05 ,1.821353425,1.73 ,1.57 ,0.49 ,0.27 ,45.48 ,0.659712682,1.25 ,1.33 ,1.57 ,1.651984836
380,178.77 ,1.88 ,1.05 ,1.82177516,1.73 ,1.58 ,0.51 ,0.27 ,45.47 ,0.721996685,1.25 ,1.33 ,1.58 ,1.652319041
382,178.64 ,1.81 ,1.05 ,1.821939253,1.73 ,1.58 ,0.51 ,0.27 ,45.48 ,0.669323355,1.25 ,1.33 ,1.58 ,1.652448146
384,178.50 ,1.90 ,1.05 ,1.822175303,1.73 ,1.58 ,0.52 ,0.27 ,45.47 ,0.74174287,1.25 ,1.33 ,1.58 ,1.652635016
386,178.37 ,1.82 ,1.05 ,1.822649881,1.73 ,1.58 ,0.52 ,0.27 ,45.48 ,0.683711858,1.25 ,1.33 ,1.58 ,1.65300852
388,178.23 ,1.92 ,1.05 ,1.822929911,1.73 ,1.58 ,0.53 ,0.27 ,45.47 ,0.763016238,1.25 ,1.33 ,1.58 ,1.653229406
390,178.09 ,1.91 ,1.05 ,1.823466079,1.73 ,1.58 ,0.54 ,0.27 ,45.47 ,0.754573987,1.25 ,1.33 ,1.58 ,1.653651239
392,177.96 ,1.90 ,1.05 ,1.823918368,1.73 ,1.58 ,0.55 ,0.27 ,45.47 ,0.74721915,1.25 ,1.33 ,1.58 ,1.654006456
394,177.82 ,1.90 ,1.05 ,1.824265984,1.74 ,1.58 ,0.55 ,0.27 ,45.47 ,0.751086741,1.25 ,1.33 ,1.58 ,1.654278766
396,177.69 ,1.87 ,1.05 ,1.824646163,1.74 ,1.58 ,0.56 ,0.27 ,45.47 ,0.729043336,1.25 ,1.33 ,1.58 ,1.654576142
398,177.55 ,1.91 ,1.05 ,1.825411342,1.74 ,1.58 ,0.57 ,0.27 ,45.47 ,0.761417619,1.25 ,1.33 ,1.58 ,1.655177462
400,177.42 ,1.82 ,1.05 ,1.825700255,1.74 ,1.58 ,0.56 ,0.27 ,45.47 ,0.695497716,1.25 ,1.33 ,1.58 ,1.655401599
402,177.28 ,1.91 ,1.05 ,1.825948728,1.74 ,1.58 ,0.58 ,0.27 ,45.47 ,0.773384263,1.25 ,1.33 ,1.58 ,1.65559487
404,177.15 ,1.88 ,1.05 ,1.826532834,1.74 ,1.58 ,0.58 ,0.27 ,45.47 ,0.746530356,1.25 ,1.33 ,1.58 ,1.656051525
406,177.01 ,1.93 ,1.05 ,1.826532451,1.74 ,1.58 ,0.59 ,0.27 ,45.47 ,0.7867905,1.25 ,1.33 ,1.58 ,1.656047402
408,176.88 ,1.87 ,1.05 ,1.826974839,1.74 ,1.58 ,0.59 ,0.27 ,45.47 ,0.747611725,1.25 ,1.33 ,1.58 ,1.656391409
410,176.75 ,1.92 ,1.05 ,1.827048574,1.74 ,1.58 ,0.60 ,0.27 ,45.47 ,0.784025365,1.25 ,1.33 ,1.58 ,1.656445044
412,176.61 ,1.91 ,1.05 ,1.827456895,1.74 ,1.58 ,0.61 ,0.27 ,45.47 ,0.780456141,1.25 ,1.33 ,1.58 ,1.656761791
414,176.48 ,1.61 ,1.05 ,1.827330705,1.74 ,1.58 ,0.58 ,0.27 ,45.49 ,0.556129518,1.26 ,1.34 ,1.58 ,1.656654595
416,176.34 ,1.92 ,1.05 ,1.827085466,1.74 ,1.58 ,0.62 ,0.27 ,45.46 ,0.792916648,1.25 ,1.33 ,1.58 ,1.656457837
418,176.21 ,1.92 ,1.05 ,1.827584759,1.74 ,1.58 ,0.62 ,0.27 ,45.46 ,0.794497236,1.25 ,1.33 ,1.58 ,1.656845323
420,176.08 ,1.77 ,1.05 ,1.828062531,1.74 ,1.58 ,0.62 ,0.27 ,45.48 ,0.67882979,1.25 ,1.33 ,1.58 ,1.657214375
422,175.94 ,1.89 ,1.05 ,1.828123966,1.74 ,1.58 ,0.63 ,0.27 ,45.47 ,0.778837531,1.25 ,1.33 ,1.58 ,1.65725699
424,175.81 ,1.95 ,1.05 ,1.828448232,1.74 ,1.58 ,0.64 ,0.27 ,45.46 ,0.830834844,1.25 ,1.33 ,1.58 ,1.657505906
426,175.68 ,1.96 ,1.05 ,1.828967107,1.74 ,1.58 ,0.65 ,0.27 ,45.46 ,0.842279278,1.25 ,1.33 ,1.58 ,1.657907422
428,175.54 ,1.96 ,1.05 ,1.829555613,1.74 ,1.58 ,0.66 ,0.27 ,45.46 ,0.846516919,1.25 ,1.33 ,1.58 ,1.658363338
430,175.41 ,1.92 ,1.05 ,1.830102329,1.74 ,1.58 ,0.66 ,0.27 ,45.46 ,0.810971627,1.25 ,1.33 ,1.58 ,1.658785603
432,175.28 ,1.99 ,1.05 ,1.830625627,1.74 ,1.58 ,0.67 ,0.27 ,45.46 ,0.87106547,1.25 ,1.33 ,1.58 ,1.659189852
434,175.14 ,1.97 ,1.05 ,1.831194289,1.74 ,1.58 ,0.68 ,0.27 ,45.46 ,0.858880912,1.25 ,1.33 ,1.58 ,1.659628827
436,175.01 ,1.91 ,1.05 ,1.83184822,1.74 ,1.58 ,0.68 ,0.27 ,45.46 ,0.812556392,1.25 ,1.33 ,1.58 ,1.660134258
438,174.88 ,1.89 ,1.05 ,1.832294081,1.74 ,1.58 ,0.68 ,0.27 ,45.46 ,0.794515608,1.25 ,1.33 ,1.58 ,1.660475727
440,174.74 ,1.79 ,1.05 ,1.832727025,1.74 ,1.58 ,0.68 ,0.27 ,45.47 ,0.716683215,1.25 ,1.33 ,1.58 ,1.66080614
442,174.61 ,1.78 ,1.05 ,1.832245126,1.74 ,1.58 ,0.68 ,0.27 ,45.47 ,0.708532207,1.25 ,1.33 ,1.58 ,1.66041682
444,174.48 ,1.99 ,1.05 ,1.832490007,1.74 ,1.58 ,0.71 ,0.27 ,45.45 ,0.893515226,1.25 ,1.33 ,1.58 ,1.660600867
446,174.35 ,1.98 ,1.05 ,1.833191588,1.74 ,1.58 ,0.71 ,0.27 ,45.46 ,0.880048647,1.25 ,1.33 ,1.58 ,1.661142252
448,174.21 ,2.01 ,1.05 ,1.833832283,1.74 ,1.58 ,0.72 ,0.27 ,45.45 ,0.909226713,1.25 ,1.33 ,1.58 ,1.661635669
450,174.08 ,2.01 ,1.05 ,1.834549543,1.74 ,1.58 ,0.73 ,0.27 ,45.45 ,0.919381666,1.25 ,1.33 ,1.58 ,1.662188764
452,173.95 ,1.99 ,1.05 ,1.835254088,1.74 ,1.58 ,0.74 ,0.27 ,45.45 ,0.902612766,1.25 ,1.33 ,1.58 ,1.662731239
454,173.82 ,1.98 ,1.05 ,1.835912198,1.75 ,1.58 ,0.74 ,0.27 ,45.45 ,0.894527303,1.25 ,1.33 ,1.58 ,1.66323686
456,173.68 ,1.98 ,1.05 ,1.836262126,1.75 ,1.58 ,0.75 ,0.27 ,45.45 ,0.896817298,1.25 ,1.33 ,1.58 ,1.663499842
458,173.55 ,1.97 ,1.05 ,1.836917882,1.75 ,1.59 ,0.75 ,0.27 ,45.45 ,0.890721999,1.25 ,1.33 ,1.59 ,1.664002868
460,173.42 ,1.97 ,1.05 ,1.837460678,1.75 ,1.59 ,0.76 ,0.27 ,45.45 ,0.893537461,1.25 ,1.33 ,1.59 ,1.664416774
462,173.29 ,1.98 ,1.05 ,1.837992618,1.75 ,1.59 ,0.77 ,0.27 ,45.45 ,0.90514269,1.25 ,1.33 ,1.59 ,1.664821845
464,173.16 ,1.99 ,1.05 ,1.838574507,1.75 ,1.59 ,0.77 ,0.27 ,45.45 ,0.917828848,1.25 ,1.33 ,1.59 ,1.665265812
466,173.03 ,2.01 ,1.05 ,1.839250549,1.75 ,1.59 ,0.78 ,0.27 ,45.45 ,0.941302243,1.25 ,1.33 ,1.59 ,1.665783469
468,172.89 ,1.96 ,1.05 ,1.840011526,1.75 ,1.59 ,0.78 ,0.27 ,45.45 ,0.896501482,1.25 ,1.33 ,1.59 ,1.666366954
470,172.76 ,2.00 ,1.05 ,1.840645111,1.75 ,1.59 ,0.79 ,0.27 ,45.45 ,0.935353749,1.25 ,1.33 ,1.59 ,1.666850579
472,172.63 ,1.83 ,1.05 ,1.840949269,1.75 ,1.59 ,0.78 ,0.27 ,45.47 ,0.788287214,1.26 ,1.34 ,1.59 ,1.667073635
474,172.50 ,1.89 ,1.05 ,1.841040537,1.75 ,1.59 ,0.79 ,0.27 ,45.46 ,0.836308473,1.25 ,1.33 ,1.59 ,1.667130691
476,172.37 ,1.96 ,1.05 ,1.841337288,1.75 ,1.59 ,0.81 ,0.27 ,45.45 ,0.902218079,1.25 ,1.33 ,1.59 ,1.667348961
478,172.24 ,1.89 ,1.05 ,1.841764211,1.75 ,1.59 ,0.80 ,0.27 ,45.46 ,0.848169733,1.26 ,1.34 ,1.59 ,1.667668221
480,172.11 ,1.95 ,1.05 ,1.84201929,1.75 ,1.59 ,0.82 ,0.27 ,45.45 ,0.906212737,1.25 ,1.33 ,1.59 ,1.667853078
482,171.98 ,2.04 ,1.05 ,1.842505595,1.75 ,1.59 ,0.83 ,0.27 ,45.44 ,0.990891141,1.25 ,1.33 ,1.59 ,1.668219313
484,171.85 ,1.95 ,1.05 ,1.843194567,1.75 ,1.59 ,0.83 ,0.27 ,45.45 ,0.912352354,1.25 ,1.33 ,1.59 ,1.668743099
486,171.72 ,2.00 ,1.05 ,1.843803196,1.75 ,1.59 ,0.84 ,0.27 ,45.45 ,0.957545552,1.25 ,1.33 ,1.59 ,1.669204335
488,171.59 ,1.95 ,1.05 ,1.844472884,1.75 ,1.59 ,0.84 ,0.27 ,45.45 ,0.91700112,1.25 ,1.33 ,1.59 ,1.669712496
490,171.45 ,1.85 ,1.05 ,1.844748878,1.75 ,1.59 ,0.83 ,0.27 ,45.46 ,0.825946911,1.26 ,1.34 ,1.59 ,1.669911019
492,171.32 ,1.82 ,1.05 ,1.844791587,1.75 ,1.59 ,0.84 ,0.27 ,45.46 ,0.797603697,1.26 ,1.34 ,1.59 ,1.669926703
494,171.19 ,1.78 ,1.05 ,1.844680918,1.75 ,1.59 ,0.84 ,0.27 ,45.47 ,0.769508457,1.26 ,1.34 ,1.59 ,1.669821839
496,171.06 ,1.92 ,1.05 ,1.844641914,1.75 ,1.59 ,0.86 ,0.27 ,45.45 ,0.895793536,1.26 ,1.34 ,1.59 ,1.669774125
498,170.93 ,2.01 ,1.05 ,1.844902293,1.75 ,1.59 ,0.87 ,0.27 ,45.45 ,0.981821846,1.25 ,1.33 ,1.59 ,1.669960594
500,170.80 ,1.86 ,1.05 ,1.845559745,1.75 ,1.59 ,0.86 ,0.27 ,45.46 ,0.845851454,1.26 ,1.34 ,1.59 ,1.670456521
502,170.68 ,1.80 ,1.05 ,1.845716906,1.75 ,1.59 ,0.86 ,0.27 ,45.46 ,0.798511467,1.26 ,1.34 ,1.59 ,1.670560503
504,170.55 ,1.84 ,1.05 ,1.845554055,1.75 ,1.59 ,0.87 ,0.27 ,45.46 ,0.829370423,1.26 ,1.34 ,1.59 ,1.670413973
506,170.42 ,1.74 ,1.05 ,1.845301515,1.75 ,1.59 ,0.86 ,0.27 ,45.47 ,0.750929246,1.26 ,1.34 ,1.59 ,1.670196138
508,170.29 ,1.92 ,1.05 ,1.845319097,1.75 ,1.59 ,0.88 ,0.27 ,45.45 ,0.908724758,1.26 ,1.34 ,1.59 ,1.670191541
510,170.16 ,1.75 ,1.05 ,1.845501256,1.75 ,1.59 ,0.87 ,0.27 ,45.47 ,0.763685797,1.26 ,1.34 ,1.59 ,1.670313443
512,170.03 ,1.87 ,1.05 ,1.845251119,1.75 ,1.59 ,0.89 ,0.27 ,45.46 ,0.873314139,1.26 ,1.34 ,1.59 ,1.670098288
514,169.90 ,1.99 ,1.05 ,1.845263284,1.75 ,1.59 ,0.91 ,0.27 ,45.44 ,0.992574321,1.25 ,1.33 ,1.59 ,1.670088423
516,169.77 ,2.07 ,1.05 ,1.845920999,1.75 ,1.59 ,0.92 ,0.27 ,45.44 ,1.075291685,1.25 ,1.33 ,1.59 ,1.670583614
518,169.64 ,2.02 ,1.05 ,1.846696437,1.75 ,1.59 ,0.92 ,0.27 ,45.44 ,1.026576363,1.25 ,1.33 ,1.59 ,1.671169774
520,169.51 ,2.02 ,1.05 ,1.847476637,1.75 ,1.59 ,0.93 ,0.27 ,45.44 ,1.028092485,1.25 ,1.33 ,1.59 ,1.671759592
522,169.38 ,1.95 ,1.05 ,1.848141589,1.76 ,1.59 ,0.93 ,0.27 ,45.45 ,0.957887685,1.26 ,1.34 ,1.59 ,1.67225833
524,169.25 ,2.11 ,1.06 ,1.848552547,1.76 ,1.59 ,0.95 ,0.27 ,45.43 ,1.126004936,1.25 ,1.33 ,1.59 ,1.672559422
526,169.13 ,1.98 ,1.06 ,1.849434126,1.76 ,1.59 ,0.95 ,0.27 ,45.44 ,1.002204696,1.26 ,1.34 ,1.59 ,1.673226671
528,169.00 ,1.86 ,1.06 ,1.849805002,1.76 ,1.59 ,0.93 ,0.27 ,45.46 ,0.885583548,1.26 ,1.34 ,1.59 ,1.673493888
530,168.87 ,2.00 ,1.06 ,1.850074373,1.76 ,1.59 ,0.96 ,0.27 ,45.44 ,1.024495176,1.26 ,1.34 ,1.59 ,1.673683075
532,168.74 ,1.99 ,1.06 ,1.85067574,1.76 ,1.59 ,0.96 ,0.27 ,45.44 ,1.01594732,1.26 ,1.34 ,1.59 ,1.674130729
534,168.61 ,2.02 ,1.06 ,1.851202926,1.76 ,1.59 ,0.97 ,0.27 ,45.44 ,1.048224614,1.26 ,1.34 ,1.59 ,1.674520268
536,168.48 ,2.01 ,1.06 ,1.851829899,1.76 ,1.59 ,0.98 ,0.27 ,45.44 ,1.047357157,1.26 ,1.34 ,1.59 ,1.674987306
538,168.36 ,2.02 ,1.06 ,1.852451218,1.76 ,1.60 ,0.98 ,0.27 ,45.44 ,1.056960935,1.26 ,1.34 ,1.60 ,1.675449634
540,168.23 ,2.05 ,1.06 ,1.853124858,1.76 ,1.60 ,1.00 ,0.27 ,45.43 ,1.097134555,1.26 ,1.34 ,1.60 ,1.6759527
542,168.10 ,2.03 ,1.06 ,1.853805591,1.76 ,1.60 ,1.00 ,0.27 ,45.44 ,1.070748148,1.26 ,1.34 ,1.60 ,1.676460545
544,167.97 ,2.02 ,1.06 ,1.854426011,1.76 ,1.60 ,1.00 ,0.27 ,45.44 ,1.066287626,1.26 ,1.34 ,1.60 ,1.676921017
546,167.85 ,2.03 ,1.06 ,1.855036662,1.76 ,1.60 ,1.01 ,0.27 ,45.44 ,1.078740932,1.26 ,1.34 ,1.60 ,1.677373607
548,167.72 ,2.02 ,1.06 ,1.855653566,1.76 ,1.60 ,1.02 ,0.27 ,45.44 ,1.073704335,1.26 ,1.34 ,1.60 ,1.67783063
550,167.59 ,2.01 ,1.06 ,1.856212602,1.76 ,1.60 ,1.02 ,0.27 ,45.44 ,1.067026159,1.26 ,1.34 ,1.60 ,1.678242086
552,167.46 ,2.01 ,1.06 ,1.856797742,1.76 ,1.60 ,1.03 ,0.27 ,45.44 ,1.074129885,1.26 ,1.34 ,1.60 ,1.678673681
554,167.34 ,2.02 ,1.06 ,1.857365777,1.76 ,1.60 ,1.03 ,0.27 ,45.44 ,1.083526516,1.26 ,1.34 ,1.60 ,1.67909159
556,167.21 ,2.05 ,1.06 ,1.858028379,1.76 ,1.60 ,1.04 ,0.27 ,45.43 ,1.11434561,1.26 ,1.34 ,1.60 ,1.679583137
558,167.08 ,2.04 ,1.06 ,1.858608074,1.76 ,1.60 ,1.05 ,0.27 ,45.43 ,1.114334809,1.26 ,1.34 ,1.60 ,1.680009413
560,166.96 ,2.05 ,1.06 ,1.85924583,1.76 ,1.60 ,1.06 ,0.27 ,45.43 ,1.125717383,1.26 ,1.34 ,1.60 ,1.680480746
562,166.83 ,2.08 ,1.06 ,1.859918124,1.76 ,1.60 ,1.07 ,0.27 ,45.43 ,1.163710075,1.26 ,1.34 ,1.60 ,1.680978839
564,166.70 ,2.06 ,1.06 ,1.860674245,1.77 ,1.60 ,1.07 ,0.27 ,45.43 ,1.146941557,1.26 ,1.34 ,1.60 ,1.68154169
566,166.58 ,2.07 ,1.06 ,1.861361389,1.77 ,1.60 ,1.08 ,0.27 ,45.43 ,1.155546044,1.26 ,1.34 ,1.60 ,1.682050482
568,166.45 ,1.99 ,1.06 ,1.86205902,1.77 ,1.60 ,1.07 ,0.27 ,45.44 ,1.078721086,1.26 ,1.34 ,1.60 ,1.682566612
570,166.32 ,2.07 ,1.06 ,1.862581525,1.77 ,1.60 ,1.09 ,0.27 ,45.43 ,1.160351076,1.26 ,1.34 ,1.60 ,1.68294666
572,166.20 ,2.06 ,1.06 ,1.863292511,1.77 ,1.60 ,1.09 ,0.27 ,45.43 ,1.153992185,1.26 ,1.34 ,1.60 ,1.683472907
574,166.07 ,2.04 ,1.06 ,1.863922668,1.77 ,1.60 ,1.10 ,0.27 ,45.43 ,1.140277199,1.26 ,1.34 ,1.60 ,1.683935711
576,165.94 ,2.05 ,1.06 ,1.864506165,1.77 ,1.60 ,1.11 ,0.27 ,45.43 ,1.15875953,1.26 ,1.34 ,1.60 ,1.684361965
578,165.82 ,2.03 ,1.06 ,1.865126731,1.77 ,1.60 ,1.11 ,0.27 ,45.43 ,1.12996318,1.26 ,1.34 ,1.60 ,1.684816527
580,165.69 ,2.01 ,1.06 ,1.865666108,1.77 ,1.60 ,1.11 ,0.27 ,45.43 ,1.120927823,1.26 ,1.34 ,1.60 ,1.685207566
582,165.57 ,2.03 ,1.06 ,1.866206666,1.77 ,1.60 ,1.12 ,0.27 ,45.43 ,1.139713552,1.26 ,1.34 ,1.60 ,1.685599358
584,165.44 ,1.97 ,1.06 ,1.866735341,1.77 ,1.60 ,1.12 ,0.27 ,45.44 ,1.083655035,1.26 ,1.34 ,1.60 ,1.685981154
586,165.31 ,1.97 ,1.06 ,1.867103418,1.77 ,1.60 ,1.12 ,0.27 ,45.44 ,1.077440237,1.26 ,1.34 ,1.60 ,1.686237771
588,165.19 ,2.03 ,1.06 ,1.867538524,1.77 ,1.60 ,1.14 ,0.27 ,45.43 ,1.156073928,1.26 ,1.34 ,1.60 ,1.686546797
590,165.06 ,2.04 ,1.06 ,1.868075771,1.77 ,1.61 ,1.14 ,0.27 ,45.43 ,1.167856007,1.26 ,1.34 ,1.61 ,1.686934722
592,164.94 ,2.01 ,1.06 ,1.868645364,1.77 ,1.61 ,1.14 ,0.27 ,45.43 ,1.139249113,1.26 ,1.34 ,1.61 ,1.687347304
594,164.81 ,1.89 ,1.06 ,1.869114441,1.77 ,1.61 ,1.13 ,0.27 ,45.44 ,1.005816284,1.27 ,1.35 ,1.61 ,1.687680697
596,164.69 ,1.71 ,1.06 ,1.869041934,1.77 ,1.61 ,1.10 ,0.27 ,45.46 ,0.825886745,1.27 ,1.35 ,1.61 ,1.687591774
598,164.56 ,1.74 ,1.06 ,1.86863437,1.77 ,1.61 ,1.11 ,0.27 ,45.46 ,0.863425725,1.27 ,1.35 ,1.61 ,1.687243158
600,164.44 ,1.76 ,1.08 ,1.868304781,1.77 ,1.61 ,1.12 ,0.27 ,45.46 ,0.883649583,1.29 ,1.37 ,1.61 ,1.692864313
602,164.31 ,1.86 ,1.08 ,1.867909883,1.77 ,1.61 ,1.14 ,0.27 ,45.44 ,0.989633459,1.28 ,1.36 ,1.61 ,1.692533217
604,164.19 ,1.75 ,1.08 ,1.867932345,1.77 ,1.61 ,1.12 ,0.27 ,45.46 ,0.873216144,1.29 ,1.37 ,1.61 ,1.692527317
606,164.06 ,1.77 ,1.08 ,1.867581968,1.77 ,1.61 ,1.13 ,0.27 ,45.45 ,0.905254461,1.29 ,1.37 ,1.61 ,1.692230114
608,163.94 ,1.70 ,1.08 ,1.867191754,1.77 ,1.61 ,1.12 ,0.27 ,45.46 ,0.838158005,1.29 ,1.37 ,1.61 ,1.691900349
610,163.81 ,1.68 ,1.08 ,1.866749543,1.77 ,1.61 ,1.12 ,0.27 ,45.46 ,0.820989763,1.29 ,1.37 ,1.61 ,1.691530253
612,163.69 ,1.88 ,1.08 ,1.866246356,1.77 ,1.61 ,1.16 ,0.27 ,45.44 ,1.026880332,1.28 ,1.36 ,1.61 ,1.691114771
614,163.56 ,1.89 ,1.08 ,1.866199645,1.77 ,1.61 ,1.16 ,0.26 ,45.44 ,1.03664309,1.28 ,1.36 ,1.61 ,1.69105531
616,163.44 ,2.16 ,1.08 ,1.866280163,1.77 ,1.61 ,1.21 ,0.26 ,45.41 ,1.354960848,1.28 ,1.36 ,1.61 ,1.691098639
618,163.32 ,2.03 ,1.08 ,1.866973394,1.77 ,1.61 ,1.20 ,0.26 ,45.42 ,1.209677725,1.28 ,1.36 ,1.61 ,1.691618046
620,163.19 ,1.94 ,1.08 ,1.867159085,1.77 ,1.61 ,1.19 ,0.26 ,45.43 ,1.109404373,1.28 ,1.36 ,1.61 ,1.691739255
622,163.07 ,1.85 ,1.08 ,1.867199951,1.77 ,1.61 ,1.18 ,0.26 ,45.44 ,1.008974646,1.29 ,1.37 ,1.61 ,1.691746583
624,162.94 ,1.83 ,1.08 ,1.867285258,1.77 ,1.61 ,1.18 ,0.26 ,45.44 ,0.990162398,1.29 ,1.37 ,1.61 ,1.691789454
626,162.82 ,1.97 ,1.08 ,1.867229509,1.77 ,1.61 ,1.21 ,0.26 ,45.43 ,1.152108123,1.28 ,1.36 ,1.61 ,1.691723387
628,162.70 ,2.04 ,1.08 ,1.867703161,1.77 ,1.61 ,1.22 ,0.26 ,45.42 ,1.233526745,1.28 ,1.36 ,1.61 ,1.692071476
630,162.57 ,1.90 ,1.08 ,1.868066762,1.77 ,1.61 ,1.20 ,0.26 ,45.44 ,1.071299231,1.28 ,1.36 ,1.61 ,1.692330575
632,162.45 ,1.87 ,1.08 ,1.868172575,1.77 ,1.61 ,1.20 ,0.26 ,45.44 ,1.046581256,1.29 ,1.37 ,1.61 ,1.692388674
634,162.33 ,1.93 ,1.08 ,1.868267057,1.77 ,1.61 ,1.22 ,0.26 ,45.43 ,1.121109222,1.28 ,1.36 ,1.61 ,1.692438721
636,162.20 ,1.86 ,1.08 ,1.868346937,1.77 ,1.61 ,1.21 ,0.26 ,45.44 ,1.038924937,1.29 ,1.37 ,1.61 ,1.692475533
638,162.08 ,2.01 ,1.08 ,1.868410871,1.77 ,1.61 ,1.24 ,0.26 ,45.42 ,1.22114658,1.28 ,1.36 ,1.61 ,1.692502324
640,161.96 ,2.05 ,1.08 ,1.868903763,1.77 ,1.61 ,1.25 ,0.26 ,45.42 ,1.268790772,1.28 ,1.36 ,1.61 ,1.692863719
642,161.83 ,2.03 ,1.08 ,1.86939047,1.77 ,1.61 ,1.26 ,0.26 ,45.42 ,1.253806692,1.28 ,1.36 ,1.61 ,1.693219406
644,161.71 ,2.02 ,1.09 ,1.869835213,1.78 ,1.61 ,1.26 ,0.26 ,45.42 ,1.23566635,1.28 ,1.36 ,1.61 ,1.693541921
646,161.59 ,2.08 ,1.09 ,1.870297617,1.78 ,1.61 ,1.28 ,0.26 ,45.41 ,1.325936847,1.28 ,1.36 ,1.61 ,1.693879019
648,161.47 ,2.03 ,1.09 ,1.87093481,1.78 ,1.62 ,1.27 ,0.26 ,45.42 ,1.259204775,1.28 ,1.36 ,1.62 ,1.694351303
650,161.34 ,2.05 ,1.11 ,1.871435864,1.78 ,1.62 ,1.28 ,0.26 ,45.41 ,1.284888796,1.30 ,1.38 ,1.62 ,1.700691357
652,161.22 ,1.96 ,1.11 ,1.871804432,1.78 ,1.62 ,1.27 ,0.26 ,45.42 ,1.189249296,1.30 ,1.38 ,1.62 ,1.700964239
654,161.10 ,1.90 ,1.11 ,1.872140855,1.78 ,1.62 ,1.26 ,0.26 ,45.43 ,1.111811239,1.31 ,1.39 ,1.62 ,1.701211711
656,160.98 ,1.95 ,1.11 ,1.872262426,1.78 ,1.62 ,1.28 ,0.26 ,45.43 ,1.179453311,1.30 ,1.38 ,1.62 ,1.701291223
658,160.85 ,2.20 ,1.11 ,1.872627479,1.78 ,1.62 ,1.33 ,0.26 ,45.39 ,1.502856584,1.30 ,1.38 ,1.62 ,1.701566258
660,160.73 ,2.12 ,1.11 ,1.87352338,1.78 ,1.63 ,1.32 ,0.26 ,45.40 ,1.402227259,1.30 ,1.38 ,1.63 ,1.702255019
662,160.61 ,2.07 ,1.11 ,1.874297739,1.78 ,1.63 ,1.32 ,0.26 ,45.41 ,1.346163416,1.30 ,1.38 ,1.63 ,1.702847982
664,160.49 ,2.12 ,1.11 ,1.874981666,1.78 ,1.63 ,1.33 ,0.26 ,45.40 ,1.407598441,1.30 ,1.38 ,1.63 ,1.703370721
666,160.37 ,1.94 ,1.11 ,1.875695602,1.78 ,1.63 ,1.30 ,0.26 ,45.43 ,1.179080891,1.31 ,1.39 ,1.63 ,1.703913085
668,160.24 ,2.02 ,1.11 ,1.875984223,1.78 ,1.63 ,1.32 ,0.26 ,45.41 ,1.282461891,1.30 ,1.38 ,1.63 ,1.70412367
670,160.12 ,1.97 ,1.11 ,1.876332859,1.78 ,1.63 ,1.32 ,0.26 ,45.42 ,1.234634577,1.31 ,1.39 ,1.63 ,1.704379416
672,160.00 ,2.18 ,1.11 ,1.876671764,1.78 ,1.63 ,1.36 ,0.26 ,45.39 ,1.504232212,1.30 ,1.38 ,1.63 ,1.704631333
674,159.88 ,2.06 ,1.11 ,1.877495029,1.78 ,1.63 ,1.35 ,0.26 ,45.41 ,1.350455369,1.30 ,1.38 ,1.63 ,1.705260103
676,159.76 ,2.09 ,1.11 ,1.878063951,1.79 ,1.63 ,1.36 ,0.26 ,45.40 ,1.399833921,1.30 ,1.38 ,1.63 ,1.705690326
678,159.64 ,2.10 ,1.11 ,1.878700964,1.79 ,1.63 ,1.37 ,0.26 ,45.40 ,1.416978086,1.30 ,1.38 ,1.63 ,1.706173632
680,159.51 ,2.06 ,1.11 ,1.879349268,1.79 ,1.63 ,1.37 ,0.26 ,45.41 ,1.366969508,1.30 ,1.38 ,1.63 ,1.706664748
682,159.39 ,2.03 ,1.11 ,1.879845716,1.79 ,1.63 ,1.36 ,0.26 ,45.41 ,1.329201124,1.31 ,1.39 ,1.63 ,1.707035909
684,159.27 ,2.10 ,1.11 ,1.880299235,1.79 ,1.63 ,1.38 ,0.26 ,45.40 ,1.423365525,1.30 ,1.38 ,1.63 ,1.707374613
686,159.15 ,2.17 ,1.11 ,1.880943012,1.79 ,1.63 ,1.40 ,0.26 ,45.39 ,1.521278625,1.30 ,1.38 ,1.63 ,1.707863192
688,159.03 ,2.20 ,1.11 ,1.881619235,1.79 ,1.63 ,1.42 ,0.26 ,45.38 ,1.579033042,1.30 ,1.38 ,1.63 ,1.708376596
690,158.91 ,2.05 ,1.11 ,1.882295817,1.79 ,1.63 ,1.39 ,0.26 ,45.41 ,1.374589797,1.31 ,1.39 ,1.63 ,1.708886896
692,158.79 ,2.20 ,1.12 ,1.882819313,1.79 ,1.63 ,1.43 ,0.26 ,45.38 ,1.578239582,1.30 ,1.38 ,1.63 ,1.709281065
694,158.67 ,2.10 ,1.12 ,1.883581092,1.79 ,1.63 ,1.41 ,0.26 ,45.40 ,1.452838646,1.31 ,1.39 ,1.63 ,1.709858995
696,158.55 ,2.13 ,1.12 ,1.884275936,1.79 ,1.63 ,1.43 ,0.26 ,45.39 ,1.49936616,1.30 ,1.38 ,1.63 ,1.710385887
698,158.43 ,1.96 ,1.12 ,1.88495866,1.79 ,1.63 ,1.40 ,0.26 ,45.42 ,1.267449838,1.31 ,1.39 ,1.63 ,1.71089957
700,167.49 ,2.20 ,1.14 ,1.885301953,1.80 ,1.64 ,1.36 ,0.27 ,45.42 ,1.275837714,1.33 ,1.41 ,1.64 ,1.719513337
702,167.42 ,2.12 ,1.14 ,1.886017503,1.80 ,1.65 ,1.36 ,0.27 ,45.42 ,1.192750898,1.33 ,1.41 ,1.65 ,1.720116434
704,167.34 ,2.08 ,1.14 ,1.886707323,1.80 ,1.65 ,1.35 ,0.27 ,45.43 ,1.143182217,1.33 ,1.41 ,1.65 ,1.720694891
706,167.25 ,1.99 ,1.14 ,1.887244432,1.80 ,1.65 ,1.34 ,0.27 ,45.44 ,1.056553073,1.33 ,1.41 ,1.65 ,1.721145057
708,167.16 ,1.99 ,1.14 ,1.887668452,1.80 ,1.65 ,1.35 ,0.27 ,45.44 ,1.057717909,1.34 ,1.42 ,1.65 ,1.721500929
710,167.06 ,1.91 ,1.14 ,1.887974628,1.80 ,1.65 ,1.34 ,0.27 ,45.45 ,0.97617153,1.34 ,1.42 ,1.65 ,1.721755021
712,166.96 ,1.99 ,1.14 ,1.888142848,1.80 ,1.65 ,1.35 ,0.27 ,45.44 ,1.057489478,1.34 ,1.42 ,1.65 ,1.721895809
714,166.85 ,2.05 ,1.14 ,1.888525285,1.80 ,1.65 ,1.37 ,0.27 ,45.43 ,1.129346538,1.33 ,1.41 ,1.65 ,1.72220236
716,166.73 ,2.15 ,1.14 ,1.88892499,1.80 ,1.65 ,1.39 ,0.27 ,45.42 ,1.244831875,1.33 ,1.41 ,1.65 ,1.722517097
718,166.60 ,2.13 ,1.14 ,1.88957774,1.80 ,1.65 ,1.40 ,0.27 ,45.42 ,1.229315516,1.33 ,1.41 ,1.65 ,1.723025858
720,166.47 ,2.10 ,1.14 ,1.890297396,1.80 ,1.65 ,1.40 ,0.27 ,45.42 ,1.200149824,1.33 ,1.41 ,1.65 ,1.723580909
722,166.33 ,2.06 ,1.14 ,1.891028403,1.80 ,1.65 ,1.39 ,0.27 ,45.43 ,1.157613685,1.34 ,1.42 ,1.65 ,1.724137243
724,166.18 ,2.00 ,1.14 ,1.891292955,1.80 ,1.65 ,1.39 ,0.27 ,45.43 ,1.090135992,1.34 ,1.42 ,1.65 ,1.72431066
726,166.02 ,1.96 ,1.14 ,1.891679172,1.80 ,1.65 ,1.38 ,0.27 ,45.44 ,1.049310866,1.34 ,1.42 ,1.65 ,1.724573982
728,165.85 ,1.90 ,1.14 ,1.891807261,1.80 ,1.65 ,1.38 ,0.27 ,45.44 ,0.991719598,1.34 ,1.42 ,1.65 ,1.724621168
730,165.68 ,2.01 ,1.14 ,1.89206026,1.80 ,1.65 ,1.40 ,0.27 ,45.43 ,1.116504959,1.34 ,1.42 ,1.65 ,1.724763131
732,165.49 ,2.05 ,1.18 ,1.892490595,1.81 ,1.66 ,1.41 ,0.27 ,45.43 ,1.164669859,1.36 ,1.44 ,1.66 ,1.732870859
734,165.29 ,1.87 ,1.18 ,1.892780655,1.81 ,1.66 ,1.39 ,0.27 ,45.45 ,0.97753343,1.36 ,1.44 ,1.66 ,1.733017126
736,165.08 ,2.02 ,1.18 ,1.892761874,1.81 ,1.66 ,1.42 ,0.26 ,45.43 ,1.138258602,1.36 ,1.44 ,1.66 ,1.732909582
738,164.86 ,2.08 ,1.18 ,1.893223281,1.81 ,1.66 ,1.44 ,0.26 ,45.42 ,1.21601606,1.36 ,1.44 ,1.66 ,1.733177298
740,164.63 ,2.08 ,1.18 ,1.893699212,1.81 ,1.66 ,1.44 ,0.26 ,45.42 ,1.220504216,1.36 ,1.44 ,1.66 ,1.733442438
742,164.39 ,2.06 ,1.18 ,1.894165977,1.81 ,1.66 ,1.44 ,0.26 ,45.42 ,1.207285399,1.36 ,1.44 ,1.66 ,1.733686709
744,164.14 ,2.05 ,1.18 ,1.894614196,1.81 ,1.66 ,1.45 ,0.26 ,45.42 ,1.200402875,1.36 ,1.44 ,1.66 ,1.733902705
746,163.88 ,2.20 ,1.18 ,1.895548979,1.81 ,1.66 ,1.49 ,0.26 ,45.40 ,1.395602598,1.36 ,1.44 ,1.66 ,1.734503369
748,163.60 ,2.15 ,1.18 ,1.896376132,1.81 ,1.66 ,1.48 ,0.26 ,45.41 ,1.338932714,1.36 ,1.44 ,1.66 ,1.734997221
750,163.31 ,2.01 ,1.18 ,1.896950836,1.81 ,1.66 ,1.46 ,0.26 ,45.42 ,1.187944604,1.36 ,1.44 ,1.66 ,1.735270249
752,163.01 ,2.18 ,1.18 ,1.897439144,1.81 ,1.66 ,1.50 ,0.26 ,45.40 ,1.404070076,1.36 ,1.44 ,1.66 ,1.735466588
754,162.70 ,2.13 ,1.18 ,1.898025592,1.81 ,1.66 ,1.50 ,0.26 ,45.41 ,1.344944388,1.36 ,1.44 ,1.66 ,1.735721929
756,162.37 ,2.18 ,1.18 ,1.89869045,1.81 ,1.66 ,1.52 ,0.26 ,45.40 ,1.428483599,1.36 ,1.44 ,1.66 ,1.736028675
758,162.04 ,2.12 ,1.18 ,1.89937873,1.81 ,1.66 ,1.51 ,0.26 ,45.41 ,1.359319998,1.36 ,1.44 ,1.66 ,1.736336447
760,161.69 ,2.00 ,1.17 ,1.899941255,1.81 ,1.66 ,1.50 ,0.26 ,45.42 ,1.218928134,1.36 ,1.44 ,1.66 ,1.736526435
762,161.33 ,1.93 ,1.17 ,1.900259241,1.81 ,1.66 ,1.49 ,0.26 ,45.43 ,1.148413481,1.36 ,1.44 ,1.66 ,1.736505989
764,160.96 ,2.07 ,1.17 ,1.900422102,1.81 ,1.66 ,1.53 ,0.26 ,45.41 ,1.33444395,1.36 ,1.44 ,1.66 ,1.736351562
766,160.58 ,2.11 ,1.17 ,1.900984935,1.81 ,1.66 ,1.54 ,0.26 ,45.40 ,1.398589991,1.36 ,1.44 ,1.66 ,1.736503046
768,160.20 ,2.10 ,1.17 ,1.901399158,1.81 ,1.66 ,1.55 ,0.26 ,45.40 ,1.39780952,1.35 ,1.43 ,1.66 ,1.736519971
770,159.80 ,2.10 ,1.17 ,1.901849562,1.81 ,1.66 ,1.55 ,0.26 ,45.40 ,1.404281161,1.35 ,1.43 ,1.66 ,1.736553036
772,159.39 ,2.05 ,1.17 ,1.902336782,1.81 ,1.66 ,1.55 ,0.26 ,45.41 ,1.352785912,1.35 ,1.43 ,1.66 ,1.736602063
774,158.98 ,2.06 ,1.17 ,1.902704033,1.81 ,1.66 ,1.56 ,0.26 ,45.40 ,1.384605684,1.35 ,1.43 ,1.66 ,1.736544287
776,158.56 ,2.10 ,1.17 ,1.903122345,1.81 ,1.66 ,1.58 ,0.26 ,45.40 ,1.45304869,1.35 ,1.43 ,1.66 ,1.736516978
778,158.13 ,1.88 ,1.17 ,1.903443228,1.81 ,1.66 ,1.54 ,0.26 ,45.43 ,1.180146724,1.36 ,1.44 ,1.66 ,1.736395187
780,157.70 ,1.92 ,1.17 ,1.903364818,1.81 ,1.66 ,1.55 ,0.26 ,45.42 ,1.245543892,1.35 ,1.43 ,1.66 ,1.73595033
782,157.26 ,1.91 ,1.17 ,1.903343103,1.81 ,1.66 ,1.56 ,0.26 ,45.42 ,1.247668281,1.35 ,1.43 ,1.66 ,1.735541842
784,166.82 ,1.97 ,1.20 ,1.903384818,1.82 ,1.68 ,1.48 ,0.27 ,45.44 ,1.039153775,1.38 ,1.46 ,1.68 ,1.746318414
786,166.37 ,1.97 ,1.20 ,1.903706382,1.82 ,1.68 ,1.49 ,0.27 ,45.44 ,1.059446346,1.38 ,1.46 ,1.68 ,1.74624073
788,165.93 ,2.14 ,1.20 ,1.903820981,1.82 ,1.67 ,1.53 ,0.27 ,45.42 ,1.254432202,1.38 ,1.46 ,1.67 ,1.745993915
790,165.49 ,2.10 ,1.20 ,1.904301017,1.82 ,1.67 ,1.53 ,0.26 ,45.42 ,1.2259797,1.38 ,1.46 ,1.67 ,1.746036623
792,165.04 ,2.03 ,1.20 ,1.904811887,1.82 ,1.67 ,1.52 ,0.26 ,45.43 ,1.15245258,1.38 ,1.46 ,1.67 ,1.746100845
794,164.60 ,2.12 ,1.20 ,1.905283641,1.82 ,1.67 ,1.55 ,0.26 ,45.42 ,1.270079716,1.38 ,1.46 ,1.67 ,1.746136121
796,164.16 ,2.16 ,1.19 ,1.905826835,1.82 ,1.67 ,1.57 ,0.26 ,45.41 ,1.338902404,1.37 ,1.45 ,1.67 ,1.746227822
798,163.72 ,2.24 ,1.19 ,1.90657556,1.82 ,1.67 ,1.59 ,0.26 ,45.40 ,1.447777371,1.37 ,1.45 ,1.67 ,1.746487921
800,163.29 ,2.05 ,1.19 ,1.907313416,1.82 ,1.67 ,1.56 ,0.26 ,45.42 ,1.230330855,1.38 ,1.46 ,1.67 ,1.746733425
802,162.86 ,2.01 ,1.19 ,1.907655156,1.82 ,1.67 ,1.56 ,0.26 ,45.42 ,1.193020012,1.38 ,1.46 ,1.67 ,1.746663229
804,162.44 ,2.18 ,1.19 ,1.907988626,1.82 ,1.67 ,1.60 ,0.26 ,45.40 ,1.421442637,1.37 ,1.45 ,1.67 ,1.746595559
806,162.02 ,2.18 ,1.19 ,1.908777728,1.82 ,1.67 ,1.61 ,0.26 ,45.40 ,1.431316217,1.37 ,1.45 ,1.67 ,1.746897276
808,161.62 ,2.03 ,1.19 ,1.909328319,1.82 ,1.67 ,1.59 ,0.26 ,45.42 ,1.260857218,1.37 ,1.45 ,1.67 ,1.747006872
810,161.22 ,2.05 ,1.19 ,1.909694492,1.82 ,1.67 ,1.60 ,0.26 ,45.41 ,1.295931518,1.37 ,1.45 ,1.67 ,1.746977205
812,160.83 ,2.01 ,1.19 ,1.910247284,1.82 ,1.67 ,1.60 ,0.26 ,45.42 ,1.26187635,1.37 ,1.45 ,1.67 ,1.74710398
814,160.44 ,2.12 ,1.19 ,1.910491356,1.82 ,1.67 ,1.63 ,0.26 ,45.40 ,1.410435341,1.37 ,1.45 ,1.67 ,1.746991967
816,160.07 ,2.16 ,1.19 ,1.9110328,1.82 ,1.67 ,1.65 ,0.26 ,45.40 ,1.474175261,1.37 ,1.45 ,1.67 ,1.747126739
818,159.70 ,2.08 ,1.19 ,1.911563278,1.82 ,1.67 ,1.64 ,0.26 ,45.40 ,1.379938815,1.37 ,1.45 ,1.67 ,1.747258114
820,159.35 ,2.22 ,1.19 ,1.912006613,1.82 ,1.67 ,1.68 ,0.26 ,45.38 ,1.584598664,1.37 ,1.45 ,1.67 ,1.747333468
822,159.01 ,2.21 ,1.19 ,1.912738553,1.82 ,1.67 ,1.68 ,0.26 ,45.38 ,1.587116612,1.37 ,1.45 ,1.67 ,1.747647276
824,158.67 ,2.18 ,1.18 ,1.91340369,1.82 ,1.67 ,1.68 ,0.26 ,45.39 ,1.562159539,1.37 ,1.45 ,1.67 ,1.747916122
826,158.35 ,2.18 ,1.18 ,1.914073793,1.82 ,1.67 ,1.69 ,0.26 ,45.39 ,1.574194229,1.37 ,1.45 ,1.67 ,1.748199279
828,158.03 ,2.21 ,1.18 ,1.9147285,1.82 ,1.67 ,1.71 ,0.26 ,45.38 ,1.625811696,1.36 ,1.44 ,1.67 ,1.748480538
830,157.73 ,2.18 ,1.18 ,1.915431604,1.82 ,1.67 ,1.71 ,0.26 ,45.38 ,1.596769691,1.37 ,1.45 ,1.67 ,1.748809378
832,157.44 ,2.21 ,1.18 ,1.916113244,1.83 ,1.67 ,1.72 ,0.26 ,45.38 ,1.653799115,1.36 ,1.44 ,1.67 ,1.749132346
834,157.15 ,2.20 ,1.18 ,1.91682554,1.83 ,1.68 ,1.73 ,0.26 ,45.38 ,1.654264428,1.36 ,1.44 ,1.68 ,1.749489036
836,156.88 ,2.14 ,1.18 ,1.91743265,1.83 ,1.68 ,1.72 ,0.26 ,45.39 ,1.572383552,1.37 ,1.45 ,1.68 ,1.749769794
838,156.61 ,2.18 ,1.18 ,1.917997186,1.83 ,1.68 ,1.74 ,0.26 ,45.38 ,1.643235554,1.36 ,1.44 ,1.68 ,1.75002869
840,156.36 ,2.12 ,1.18 ,1.918592962,1.83 ,1.68 ,1.73 ,0.26 ,45.39 ,1.565276972,1.37 ,1.45 ,1.68 ,1.750320046
842,156.11 ,2.26 ,1.18 ,1.919071274,1.83 ,1.68 ,1.77 ,0.26 ,45.36 ,1.782106995,1.36 ,1.44 ,1.68 ,1.750531237
844,155.87 ,2.21 ,1.18 ,1.919722807,1.83 ,1.68 ,1.77 ,0.26 ,45.37 ,1.716861802,1.36 ,1.44 ,1.68 ,1.750886404
846,155.64 ,2.32 ,1.18 ,1.920333852,1.83 ,1.68 ,1.80 ,0.26 ,45.35 ,1.905392824,1.36 ,1.44 ,1.68 ,1.7512218
848,155.42 ,2.20 ,1.18 ,1.921138123,1.83 ,1.68 ,1.78 ,0.26 ,45.37 ,1.723251731,1.36 ,1.44 ,1.68 ,1.751715355
850,155.20 ,2.18 ,1.18 ,1.92175771,1.83 ,1.68 ,1.78 ,0.26 ,45.37 ,1.705289343,1.36 ,1.44 ,1.68 ,1.752071531
852,155.00 ,2.14 ,1.18 ,1.922202369,1.83 ,1.68 ,1.78 ,0.26 ,45.38 ,1.651734226,1.36 ,1.44 ,1.68 ,1.752295011
854,154.79 ,2.22 ,1.18 ,1.922946132,1.83 ,1.68 ,1.80 ,0.26 ,45.36 ,1.788159301,1.36 ,1.44 ,1.68 ,1.752768496
856,154.60 ,2.23 ,1.18 ,1.923647033,1.83 ,1.68 ,1.81 ,0.26 ,45.36 ,1.816724268,1.36 ,1.44 ,1.68 ,1.753213181
858,154.41 ,2.26 ,1.18 ,1.924366469,1.83 ,1.68 ,1.83 ,0.26 ,45.36 ,1.868932528,1.36 ,1.44 ,1.68 ,1.753679741
860,154.23 ,2.26 ,1.18 ,1.925112209,1.83 ,1.68 ,1.83 ,0.26 ,45.35 ,1.870840587,1.36 ,1.44 ,1.68 ,1.754172921
862,154.05 ,2.25 ,1.18 ,1.925834409,1.83 ,1.68 ,1.84 ,0.26 ,45.36 ,1.863513037,1.36 ,1.44 ,1.68 ,1.754652965
864,153.88 ,2.19 ,1.18 ,1.926519619,1.83 ,1.68 ,1.83 ,0.26 ,45.36 ,1.779370718,1.36 ,1.44 ,1.68 ,1.755107739
866,153.71 ,1.99 ,1.18 ,1.927144184,1.83 ,1.68 ,1.78 ,0.26 ,45.40 ,1.473980876,1.37 ,1.45 ,1.68 ,1.755515658
868,153.55 ,2.13 ,1.18 ,1.927527641,1.83 ,1.68 ,1.82 ,0.26 ,45.37 ,1.700116085,1.37 ,1.45 ,1.68 ,1.755743141
870,153.39 ,2.14 ,1.18 ,1.928056713,1.83 ,1.68 ,1.83 ,0.26 ,45.37 ,1.713473614,1.37 ,1.45 ,1.68 ,1.756087943
872,153.23 ,2.21 ,1.18 ,1.928573716,1.83 ,1.68 ,1.86 ,0.26 ,45.36 ,1.838831179,1.36 ,1.44 ,1.68 ,1.756428211
874,153.08 ,2.24 ,1.18 ,1.929173512,1.83 ,1.68 ,1.87 ,0.26 ,45.35 ,1.898766098,1.36 ,1.44 ,1.68 ,1.756836779
876,152.93 ,2.24 ,1.18 ,1.929858188,1.83 ,1.68 ,1.88 ,0.26 ,45.35 ,1.901255928,1.36 ,1.44 ,1.68 ,1.757314954
878,152.78 ,2.24 ,1.18 ,1.930575995,1.84 ,1.68 ,1.89 ,0.26 ,45.35 ,1.916155429,1.36 ,1.44 ,1.68 ,1.757821828
880,152.63 ,2.22 ,1.18 ,1.931274736,1.84 ,1.68 ,1.89 ,0.26 ,45.35 ,1.893306702,1.36 ,1.44 ,1.68 ,1.758314568
882,152.48 ,2.21 ,1.18 ,1.931885348,1.84 ,1.68 ,1.89 ,0.26 ,45.35 ,1.878897037,1.37 ,1.45 ,1.68 ,1.758738182
884,152.33 ,2.14 ,1.18 ,1.932473694,1.84 ,1.68 ,1.87 ,0.26 ,45.37 ,1.761890601,1.37 ,1.45 ,1.68 ,1.759143319
886,152.19 ,2.14 ,1.18 ,1.932968033,1.84 ,1.68 ,1.88 ,0.26 ,45.36 ,1.776025704,1.37 ,1.45 ,1.68 ,1.759475398
888,152.04 ,1.95 ,1.18 ,1.933247899,1.84 ,1.68 ,1.83 ,0.26 ,45.39 ,1.483795389,1.37 ,1.45 ,1.68 ,1.759631821
890,151.90 ,1.92 ,1.18 ,1.933208404,1.84 ,1.68 ,1.83 ,0.26 ,45.40 ,1.439612891,1.37 ,1.45 ,1.68 ,1.759536303
892,151.75 ,1.87 ,1.18 ,1.933206135,1.84 ,1.68 ,1.81 ,0.26 ,45.41 ,1.371648508,1.37 ,1.45 ,1.68 ,1.759469108
894,151.61 ,1.89 ,1.18 ,1.93311175,1.84 ,1.68 ,1.82 ,0.26 ,45.40 ,1.407385166,1.37 ,1.45 ,1.68 ,1.759328552
896,151.46 ,1.83 ,1.18 ,1.933034029,1.84 ,1.68 ,1.81 ,0.26 ,45.41 ,1.318643213,1.37 ,1.45 ,1.68 ,1.759197527
898,151.31 ,1.99 ,1.18 ,1.93284516,1.84 ,1.68 ,1.86 ,0.26 ,45.39 ,1.572709307,1.37 ,1.45 ,1.68 ,1.75898065
900,151.16 ,2.02 ,1.18 ,1.932986521,1.84 ,1.68 ,1.88 ,0.26 ,45.38 ,1.617818191,1.37 ,1.45 ,1.68 ,1.759021146
902,151.00 ,2.07 ,1.18 ,1.933169874,1.84 ,1.68 ,1.90 ,0.26 ,45.37 ,1.712017135,1.37 ,1.45 ,1.68 ,1.759092526
904,150.85 ,2.11 ,1.18 ,1.933481071,1.84 ,1.68 ,1.91 ,0.26 ,45.36 ,1.789844243,1.37 ,1.45 ,1.68 ,1.759261851
906,150.69 ,2.11 ,1.18 ,1.933892336,1.84 ,1.68 ,1.92 ,0.26 ,45.36 ,1.801344898,1.37 ,1.45 ,1.68 ,1.759505919
908,150.53 ,2.08 ,1.18 ,1.934278286,1.84 ,1.68 ,1.92 ,0.26 ,45.37 ,1.75237989,1.37 ,1.45 ,1.68 ,1.759724552
910,150.36 ,2.13 ,1.18 ,1.934559232,1.84 ,1.68 ,1.94 ,0.26 ,45.36 ,1.843627146,1.37 ,1.45 ,1.68 ,1.759856545
912,150.20 ,2.13 ,1.18 ,1.934989801,1.84 ,1.68 ,1.94 ,0.26 ,45.36 ,1.850554671,1.37 ,1.45 ,1.68 ,1.76010136
914,150.02 ,2.13 ,1.18 ,1.935404856,1.84 ,1.68 ,1.95 ,0.26 ,45.36 ,1.867471607,1.37 ,1.45 ,1.68 ,1.760328391
916,149.85 ,2.14 ,1.18 ,1.935835241,1.84 ,1.68 ,1.96 ,0.26 ,45.35 ,1.882756915,1.37 ,1.45 ,1.68 ,1.760561713
918,149.67 ,2.10 ,1.18 ,1.936206912,1.84 ,1.68 ,1.95 ,0.26 ,45.36 ,1.820878539,1.37 ,1.45 ,1.68 ,1.760741203
920,149.49 ,2.07 ,1.18 ,1.936551011,1.84 ,1.68 ,1.95 ,0.26 ,45.36 ,1.77717845,1.37 ,1.45 ,1.68 ,1.76089256
922,149.30 ,1.94 ,1.18 ,1.936708959,1.84 ,1.68 ,1.91 ,0.26 ,45.39 ,1.570194085,1.37 ,1.45 ,1.68 ,1.760887181
924,149.11 ,1.92 ,1.18 ,1.936713686,1.84 ,1.68 ,1.91 ,0.26 ,45.39 ,1.552563113,1.37 ,1.45 ,1.68 ,1.760755718
926,148.91 ,1.90 ,1.18 ,1.936663759,1.84 ,1.68 ,1.91 ,0.26 ,45.39 ,1.532358693,1.37 ,1.45 ,1.68 ,1.760573895
928,148.71 ,1.88 ,1.18 ,1.936567955,1.84 ,1.68 ,1.91 ,0.26 ,45.39 ,1.49958979,1.37 ,1.45 ,1.68 ,1.760348431
930,148.50 ,1.84 ,1.18 ,1.936451775,1.84 ,1.68 ,1.90 ,0.26 ,45.40 ,1.445150954,1.37 ,1.45 ,1.68 ,1.760099348
932,148.29 ,1.93 ,1.18 ,1.936337433,1.84 ,1.68 ,1.94 ,0.26 ,45.38 ,1.608829289,1.37 ,1.45 ,1.68 ,1.759847368
934,148.07 ,1.93 ,1.18 ,1.936358684,1.84 ,1.68 ,1.94 ,0.26 ,45.38 ,1.606536703,1.37 ,1.45 ,1.68 ,1.759693418
936,147.85 ,1.92 ,1.18 ,1.93633896,1.84 ,1.68 ,1.94 ,0.26 ,45.38 ,1.609330783,1.37 ,1.45 ,1.68 ,1.759499641
938,147.63 ,1.94 ,1.18 ,1.93635077,1.84 ,1.68 ,1.95 ,0.26 ,45.38 ,1.647012254,1.37 ,1.45 ,1.68 ,1.759323901
940,147.40 ,1.91 ,1.18 ,1.936348246,1.84 ,1.68 ,1.95 ,0.26 ,45.38 ,1.611396164,1.37 ,1.45 ,1.68 ,1.759128539
942,147.16 ,1.94 ,1.18 ,1.936325419,1.84 ,1.68 ,1.97 ,0.26 ,45.37 ,1.675527642,1.37 ,1.45 ,1.68 ,1.758911073
944,146.92 ,2.14 ,1.18 ,1.936391176,1.84 ,1.68 ,2.04 ,0.26 ,45.34 ,2.034623301,1.36 ,1.44 ,1.68 ,1.758759898
946,146.68 ,2.01 ,1.18 ,1.936676367,1.84 ,1.68 ,2.00 ,0.26 ,45.36 ,1.811532059,1.37 ,1.45 ,1.68 ,1.758768592
948,146.43 ,1.94 ,1.18 ,1.936711014,1.84 ,1.68 ,1.98 ,0.26 ,45.37 ,1.697862236,1.37 ,1.45 ,1.68 ,1.758573445
950,146.18 ,1.94 ,1.18 ,1.9367205,1.84 ,1.68 ,1.99 ,0.26 ,45.37 ,1.70739834,1.37 ,1.45 ,1.68 ,1.758353299
952,145.93 ,1.97 ,1.18 ,1.936696798,1.84 ,1.68 ,2.01 ,0.26 ,45.37 ,1.770675733,1.37 ,1.45 ,1.68 ,1.758101306
954,145.67 ,1.95 ,1.18 ,1.936679862,1.84 ,1.68 ,2.00 ,0.26 ,45.37 ,1.747648933,1.37 ,1.45 ,1.68 ,1.757847757
956,145.41 ,1.99 ,1.18 ,1.936679399,1.84 ,1.68 ,2.03 ,0.26 ,45.36 ,1.847445866,1.36 ,1.44 ,1.68 ,1.757603023
958,145.14 ,1.98 ,1.18 ,1.936682132,1.84 ,1.68 ,2.03 ,0.26 ,45.36 ,1.831844999,1.36 ,1.44 ,1.68 ,1.757354357
960,144.88 ,2.00 ,1.17 ,1.936742351,1.84 ,1.68 ,2.04 ,0.26 ,45.35 ,1.888656258,1.36 ,1.44 ,1.68 ,1.757147026
962,144.61 ,2.20 ,1.17 ,1.936959153,1.84 ,1.68 ,2.12 ,0.26 ,45.31 ,2.287237454,1.36 ,1.44 ,1.68 ,1.757062053
964,144.34 ,2.12 ,1.17 ,1.937471898,1.84 ,1.68 ,2.10 ,0.26 ,45.33 ,2.149284942,1.36 ,1.44 ,1.68 ,1.75720061
966,144.07 ,2.18 ,1.17 ,1.937813397,1.84 ,1.68 ,2.13 ,0.26 ,45.31 ,2.290952212,1.36 ,1.44 ,1.68 ,1.757203452
968,143.80 ,2.07 ,1.17 ,1.938215615,1.84 ,1.68 ,2.10 ,0.26 ,45.33 ,2.071702267,1.36 ,1.44 ,1.68 ,1.757247506
970,143.52 ,2.19 ,1.17 ,1.938659567,1.84 ,1.68 ,2.15 ,0.26 ,45.31 ,2.354448561,1.36 ,1.44 ,1.68 ,1.757326589
972,143.25 ,2.24 ,1.17 ,1.939221415,1.84 ,1.68 ,2.18 ,0.26 ,45.29 ,2.46485194,1.35 ,1.43 ,1.68 ,1.757494522
974,142.98 ,2.30 ,1.17 ,1.939856298,1.84 ,1.68 ,2.21 ,0.26 ,45.28 ,2.615013312,1.35 ,1.43 ,1.68 ,1.757718533
976,142.71 ,2.25 ,1.17 ,1.940554308,1.84 ,1.68 ,2.20 ,0.26 ,45.29 ,2.539945796,1.35 ,1.43 ,1.68 ,1.757989096
978,142.44 ,2.16 ,1.17 ,1.941144424,1.84 ,1.68 ,2.18 ,0.26 ,45.31 ,2.350121335,1.35 ,1.43 ,1.68 ,1.758173669
980,142.17 ,2.29 ,1.17 ,1.941602026,1.84 ,1.68 ,2.24 ,0.26 ,45.27 ,2.659706812,1.35 ,1.43 ,1.68 ,1.758259021
982,141.90 ,2.15 ,1.17 ,1.942184669,1.84 ,1.68 ,2.19 ,0.26 ,45.30 ,2.362692996,1.35 ,1.43 ,1.68 ,1.758438092
984,141.63 ,2.11 ,1.17 ,1.94260129,1.84 ,1.68 ,2.19 ,0.26 ,45.31 ,2.304655685,1.35 ,1.43 ,1.68 ,1.758490807
986,141.37 ,2.17 ,1.17 ,1.942983888,1.84 ,1.68 ,2.22 ,0.26 ,45.30 ,2.445096634,1.35 ,1.43 ,1.68 ,1.758520861
988,141.11 ,2.19 ,1.17 ,1.943514094,1.84 ,1.68 ,2.23 ,0.26 ,45.29 ,2.50193084,1.35 ,1.43 ,1.68 ,1.758668345
990,140.86 ,2.23 ,1.17 ,1.94406781,1.84 ,1.68 ,2.26 ,0.26 ,45.28 ,2.624138457,1.35 ,1.43 ,1.68 ,1.758837967
992,140.60 ,2.25 ,1.17 ,1.944667855,1.84 ,1.68 ,2.28 ,0.26 ,45.27 ,2.695503926,1.35 ,1.43 ,1.68 ,1.759047105
994,140.36 ,2.27 ,1.17 ,1.945267662,1.84 ,1.68 ,2.29 ,0.26 ,45.26 ,2.748816814,1.35 ,1.43 ,1.68 ,1.759260178
996,140.11 ,2.16 ,1.17 ,1.945860831,1.84 ,1.68 ,2.26 ,0.26 ,45.29 ,2.521025313,1.35 ,1.43 ,1.68 ,1.759470673
998,139.87 ,2.15 ,1.17 ,1.9463631,1.84 ,1.68 ,2.26 ,0.26 ,45.29 ,2.498837752,1.35 ,1.43 ,1.68 ,1.759617205
1000,139.64 ,2.15 ,1.17 ,1.946726545,1.84 ,1.68 ,2.27 ,0.26 ,45.29 ,2.531250353,1.35 ,1.43 ,1.68 ,1.759661835
1002,139.16 ,2.22 ,1.16 ,1.947195584,1.84 ,1.68 ,2.31 ,0.26 ,45.27 ,2.733882623,1.35 ,1.43 ,1.68 ,1.75940591
1004,138.71 ,2.13 ,1.16 ,1.947674647,1.84 ,1.68 ,2.29 ,0.26 ,45.29 ,2.545105976,1.35 ,1.43 ,1.68 ,1.759185235
1006,138.28 ,2.21 ,1.16 ,1.948071824,1.84 ,1.68 ,2.34 ,0.25 ,45.26 ,2.77200986,1.35 ,1.43 ,1.68 ,1.758936974
1008,137.87 ,2.15 ,1.16 ,1.948618768,1.84 ,1.68 ,2.32 ,0.25 ,45.28 ,2.647644005,1.35 ,1.43 ,1.68 ,1.758837128
1010,137.49 ,2.18 ,1.16 ,1.949070509,1.84 ,1.68 ,2.35 ,0.25 ,45.26 ,2.753352782,1.34 ,1.42 ,1.68 ,1.758701089
1012,137.14 ,2.20 ,1.16 ,1.949546994,1.84 ,1.68 ,2.37 ,0.25 ,45.25 ,2.846824776,1.34 ,1.42 ,1.68 ,1.758620757
1014,136.81 ,2.17 ,1.16 ,1.950079767,1.84 ,1.68 ,2.36 ,0.25 ,45.26 ,2.788981025,1.34 ,1.42 ,1.68 ,1.758619667
1016,136.50 ,2.18 ,1.16 ,1.950608538,1.84 ,1.68 ,2.38 ,0.25 ,45.26 ,2.837048696,1.34 ,1.42 ,1.68 ,1.758652543
1018,136.21 ,2.35 ,1.16 ,1.951226981,1.84 ,1.68 ,2.47 ,0.25 ,45.21 ,3.309480273,1.34 ,1.42 ,1.68 ,1.758792832
1020,135.95 ,2.26 ,1.16 ,1.951994831,1.84 ,1.68 ,2.44 ,0.25 ,45.23 ,3.100633327,1.34 ,1.42 ,1.68 ,1.759078572
1022,135.71 ,2.21 ,1.16 ,1.952532479,1.84 ,1.68 ,2.42 ,0.25 ,45.24 ,2.975689898,1.34 ,1.42 ,1.68 ,1.75922051
1024,135.49 ,2.14 ,1.16 ,1.953058489,1.84 ,1.68 ,2.40 ,0.25 ,45.26 ,2.82373328,1.34 ,1.42 ,1.68 ,1.759385081
1026,135.28 ,2.20 ,1.16 ,1.953506772,1.84 ,1.68 ,2.44 ,0.25 ,45.24 ,2.995063355,1.34 ,1.42 ,1.68 ,1.759521967
1028,130.10 ,2.14 ,1.13 ,1.954097326,1.84 ,1.67 ,2.54 ,0.25 ,45.21 ,3.29640325,1.32 ,1.40 ,1.67 ,1.750899953
1030,129.93 ,2.23 ,1.13 ,1.954422121,1.84 ,1.67 ,2.60 ,0.25 ,45.18 ,3.612347668,1.31 ,1.39 ,1.67 ,1.750971803
1032,129.77 ,2.21 ,1.13 ,1.95488078,1.84 ,1.67 ,2.60 ,0.25 ,45.18 ,3.556874355,1.31 ,1.39 ,1.67 ,1.751170123
1034,129.63 ,2.05 ,1.13 ,1.955237218,1.84 ,1.67 ,2.52 ,0.25 ,45.23 ,3.091264531,1.32 ,1.40 ,1.67 ,1.751314561
1036,129.50 ,2.01 ,1.13 ,1.955430483,1.84 ,1.67 ,2.50 ,0.25 ,45.24 ,2.965735007,1.32 ,1.40 ,1.67 ,1.751360531
1038,129.39 ,1.97 ,1.13 ,1.955535143,1.84 ,1.67 ,2.48 ,0.25 ,45.25 ,2.861120233,1.32 ,1.40 ,1.67 ,1.751361197
1040,129.28 ,2.03 ,1.13 ,1.955606062,1.84 ,1.67 ,2.52 ,0.25 ,45.23 ,3.041427442,1.32 ,1.40 ,1.67 ,1.751357426
1042,129.19 ,2.23 ,1.13 ,1.955708799,1.84 ,1.67 ,2.64 ,0.25 ,45.17 ,3.693881156,1.31 ,1.39 ,1.67 ,1.751397657
1044,129.10 ,2.14 ,1.13 ,1.95628709,1.84 ,1.67 ,2.60 ,0.25 ,45.20 ,3.411802451,1.32 ,1.40 ,1.67 ,1.751809024
1046,129.02 ,2.30 ,1.13 ,1.96 ,1.84 ,1.67 ,2.69 ,0.25 ,45.14 ,3.95 ,1.31 ,1.32 ,1.67 ,1.75 
1048,128.95 ,2.12 ,1.13 ,1.96 ,1.84 ,1.67 ,2.60 ,0.25 ,45.20 ,3.37 ,1.32 ,1.33 ,1.67 ,1.75 
1050,128.88 ,2.26 ,1.13 ,1.96 ,1.84 ,1.67 ,2.68 ,0.25 ,45.15 ,3.84 ,1.31 ,1.32 ,1.67 ,1.75 
1052,128.82 ,2.29 ,1.13 ,1.96 ,1.84 ,1.67 ,2.70 ,0.25 ,45.14 ,3.94 ,1.31 ,1.32 ,1.67 ,1.75 
1054,128.77 ,2.25 ,1.13 ,1.96 ,1.84 ,1.67 ,2.68 ,0.25 ,45.16 ,3.80 ,1.31 ,1.32 ,1.67 ,1.75 
1056,128.72 ,2.37 ,1.13 ,1.96 ,1.84 ,1.67 ,2.76 ,0.25 ,45.11 ,4.23 ,1.31 ,1.32 ,1.67 ,1.75 
1058,128.68 ,2.19 ,1.13 ,1.96 ,1.84 ,1.67 ,2.66 ,0.25 ,45.18 ,3.60 ,1.32 ,1.33 ,1.67 ,1.75 
1060,128.64 ,2.31 ,1.13 ,1.96 ,1.84 ,1.67 ,2.73 ,0.25 ,45.13 ,4.03 ,1.31 ,1.32 ,1.67 ,1.76 
1062,128.60 ,2.27 ,1.13 ,1.96 ,1.84 ,1.67 ,2.72 ,0.25 ,45.15 ,3.91 ,1.31 ,1.32 ,1.67 ,1.76 
1064,128.57 ,2.20 ,1.14 ,1.96 ,1.84 ,1.67 ,2.68 ,0.25 ,45.17 ,3.66 ,1.32 ,1.33 ,1.67 ,1.76 
1066,128.53 ,2.28 ,1.14 ,1.96 ,1.84 ,1.67 ,2.73 ,0.25 ,45.14 ,3.94 ,1.32 ,1.33 ,1.67 ,1.76 
1068,128.51 ,2.30 ,1.14 ,1.96 ,1.84 ,1.67 ,2.75 ,0.25 ,45.13 ,4.02 ,1.32 ,1.33 ,1.67 ,1.76 
1070,128.48 ,2.31 ,1.14 ,1.96 ,1.84 ,1.67 ,2.76 ,0.25 ,45.13 ,4.05 ,1.32 ,1.33 ,1.67 ,1.76 
1072,128.46 ,2.35 ,1.14 ,1.96 ,1.84 ,1.67 ,2.79 ,0.25 ,45.11 ,4.21 ,1.31 ,1.32 ,1.67 ,1.76 
1074,128.43 ,2.35 ,1.14 ,1.96 ,1.84 ,1.67 ,2.79 ,0.25 ,45.12 ,4.20 ,1.32 ,1.33 ,1.67 ,1.76 
1076,128.41 ,2.37 ,1.14 ,1.97 ,1.84 ,1.67 ,2.81 ,0.25 ,45.11 ,4.25 ,1.32 ,1.33 ,1.67 ,1.76 
1078,128.39 ,2.40 ,1.14 ,1.97 ,1.84 ,1.68 ,2.83 ,0.25 ,45.10 ,4.37 ,1.31 ,1.32 ,1.68 ,1.76 
1080,128.38 ,2.40 ,1.14 ,1.97 ,1.85 ,1.68 ,2.84 ,0.25 ,45.10 ,4.39 ,1.32 ,1.33 ,1.68 ,1.76 
1082,128.36 ,2.38 ,1.14 ,1.97 ,1.85 ,1.68 ,2.83 ,0.25 ,45.11 ,4.30 ,1.32 ,1.33 ,1.68 ,1.76 
1084,128.34 ,2.33 ,1.14 ,1.97 ,1.85 ,1.68 ,2.81 ,0.25 ,45.12 ,4.15 ,1.32 ,1.33 ,1.68 ,1.76 
1086,128.33 ,2.33 ,1.14 ,1.97 ,1.85 ,1.68 ,2.81 ,0.25 ,45.12 ,4.13 ,1.32 ,1.33 ,1.68 ,1.76 
1088,128.31 ,2.35 ,1.14 ,1.97 ,1.85 ,1.68 ,2.83 ,0.25 ,45.11 ,4.21 ,1.32 ,1.33 ,1.68 ,1.76 
1090,128.30 ,2.37 ,1.14 ,1.97 ,1.85 ,1.68 ,2.84 ,0.25 ,45.11 ,4.28 ,1.32 ,1.33 ,1.68 ,1.76 
1092,128.28 ,2.34 ,1.14 ,1.97 ,1.85 ,1.68 ,2.83 ,0.25 ,45.12 ,4.17 ,1.32 ,1.33 ,1.68 ,1.77 
1094,128.27 ,2.39 ,1.15 ,1.97 ,1.85 ,1.68 ,2.87 ,0.25 ,45.10 ,4.36 ,1.32 ,1.33 ,1.68 ,1.77 
1096,128.25 ,2.40 ,1.15 ,1.97 ,1.85 ,1.68 ,2.87 ,0.25 ,45.10 ,4.38 ,1.32 ,1.33 ,1.68 ,1.77 
1098,128.24 ,2.38 ,1.15 ,1.97 ,1.85 ,1.68 ,2.87 ,0.25 ,45.10 ,4.34 ,1.32 ,1.33 ,1.68 ,1.77 
1100,128.22 ,2.17 ,1.15 ,1.97 ,1.85 ,1.68 ,2.75 ,0.25 ,45.18 ,3.59 ,1.33 ,1.34 ,1.68 ,1.77 
1102,128.21 ,2.21 ,1.15 ,1.97 ,1.85 ,1.68 ,2.78 ,0.25 ,45.16 ,3.76 ,1.33 ,1.34 ,1.68 ,1.77 
1104,128.19 ,2.32 ,1.15 ,1.98 ,1.85 ,1.68 ,2.85 ,0.25 ,45.12 ,4.12 ,1.33 ,1.34 ,1.68 ,1.77 
1106,128.17 ,2.29 ,1.15 ,1.98 ,1.85 ,1.68 ,2.83 ,0.25 ,45.14 ,4.00 ,1.33 ,1.34 ,1.68 ,1.77 
1108,128.15 ,2.28 ,1.15 ,1.98 ,1.85 ,1.68 ,2.83 ,0.25 ,45.14 ,3.98 ,1.33 ,1.34 ,1.68 ,1.77 
1110,128.13 ,2.54 ,1.15 ,1.98 ,1.85 ,1.69 ,2.99 ,0.25 ,45.04 ,4.95 ,1.32 ,1.33 ,1.69 ,1.77 
1112,128.11 ,2.60 ,1.15 ,1.98 ,1.86 ,1.69 ,3.03 ,0.25 ,45.01 ,5.17 ,1.32 ,1.33 ,1.69 ,1.77 
1114,128.08 ,2.69 ,1.15 ,1.98 ,1.86 ,1.69 ,3.09 ,0.25 ,44.98 ,5.53 ,1.31 ,1.32 ,1.69 ,1.77 
1116,128.06 ,2.65 ,1.15 ,1.98 ,1.86 ,1.69 ,3.08 ,0.25 ,44.99 ,5.39 ,1.32 ,1.33 ,1.69 ,1.77 
1118,128.03 ,2.43 ,1.12 ,1.98 ,1.85 ,1.68 ,2.95 ,0.25 ,45.08 ,4.52 ,1.31 ,1.32 ,1.68 ,1.77 
1120,128.00 ,2.42 ,1.12 ,1.98 ,1.86 ,1.68 ,2.95 ,0.25 ,45.09 ,4.49 ,1.31 ,1.32 ,1.68 ,1.77 
1122,127.97 ,2.22 ,1.12 ,1.98 ,1.86 ,1.68 ,2.84 ,0.25 ,45.16 ,3.81 ,1.32 ,1.33 ,1.68 ,1.77 
1124,127.94 ,2.43 ,1.13 ,1.98 ,1.86 ,1.68 ,2.97 ,0.25 ,45.08 ,4.56 ,1.31 ,1.32 ,1.68 ,1.77 
1126,127.90 ,2.44 ,1.13 ,1.98 ,1.86 ,1.68 ,2.98 ,0.25 ,45.07 ,4.60 ,1.31 ,1.32 ,1.68 ,1.77 
1128,127.86 ,2.42 ,1.13 ,1.99 ,1.86 ,1.68 ,2.98 ,0.25 ,45.08 ,4.54 ,1.31 ,1.32 ,1.68 ,1.77 
1130,127.82 ,2.42 ,1.13 ,1.99 ,1.86 ,1.68 ,2.98 ,0.25 ,45.08 ,4.54 ,1.31 ,1.32 ,1.68 ,1.77 
1132,127.77 ,2.42 ,1.13 ,1.99 ,1.86 ,1.68 ,2.99 ,0.25 ,45.08 ,4.53 ,1.31 ,1.32 ,1.68 ,1.77 
1134,127.72 ,2.56 ,1.13 ,1.99 ,1.86 ,1.68 ,3.08 ,0.25 ,45.03 ,5.06 ,1.31 ,1.32 ,1.68 ,1.77 
1136,127.67 ,2.40 ,1.13 ,1.99 ,1.86 ,1.68 ,2.99 ,0.25 ,45.09 ,4.49 ,1.31 ,1.32 ,1.68 ,1.77 
1138,127.61 ,2.37 ,1.13 ,1.99 ,1.86 ,1.68 ,2.98 ,0.25 ,45.10 ,4.38 ,1.32 ,1.33 ,1.68 ,1.77 
1140,127.54 ,2.34 ,1.13 ,1.99 ,1.86 ,1.68 ,2.96 ,0.25 ,45.11 ,4.26 ,1.32 ,1.33 ,1.68 ,1.77 
1142,127.48 ,2.30 ,1.13 ,1.99 ,1.86 ,1.69 ,2.95 ,0.25 ,45.12 ,4.15 ,1.32 ,1.33 ,1.69 ,1.77 
1144,127.40 ,2.28 ,1.13 ,1.99 ,1.86 ,1.69 ,2.94 ,0.25 ,45.13 ,4.08 ,1.32 ,1.33 ,1.69 ,1.77 
1146,127.32 ,2.48 ,1.13 ,1.99 ,1.86 ,1.69 ,3.07 ,0.25 ,45.05 ,4.81 ,1.31 ,1.32 ,1.69 ,1.77 
1148,127.23 ,2.38 ,1.13 ,1.99 ,1.86 ,1.69 ,3.02 ,0.25 ,45.09 ,4.45 ,1.32 ,1.33 ,1.69 ,1.78 
1150,127.14 ,2.41 ,1.13 ,1.99 ,1.86 ,1.69 ,3.04 ,0.25 ,45.08 ,4.58 ,1.32 ,1.33 ,1.69 ,1.78 
1152,127.04 ,2.41 ,1.13 ,1.99 ,1.86 ,1.69 ,3.05 ,0.25 ,45.07 ,4.61 ,1.32 ,1.33 ,1.69 ,1.78 
1154,126.93 ,2.39 ,1.13 ,2.00 ,1.86 ,1.69 ,3.05 ,0.25 ,45.08 ,4.53 ,1.32 ,1.33 ,1.69 ,1.78 
1156,126.81 ,2.41 ,1.13 ,2.00 ,1.87 ,1.69 ,3.07 ,0.25 ,45.07 ,4.63 ,1.32 ,1.33 ,1.69 ,1.78 
1158,126.68 ,2.44 ,1.13 ,2.00 ,1.87 ,1.69 ,3.10 ,0.25 ,45.06 ,4.78 ,1.31 ,1.32 ,1.69 ,1.78 
1160,126.54 ,2.33 ,1.13 ,2.00 ,1.87 ,1.69 ,3.04 ,0.25 ,45.10 ,4.39 ,1.32 ,1.33 ,1.69 ,1.78 
1162,126.40 ,2.41 ,1.13 ,2.00 ,1.87 ,1.69 ,3.10 ,0.25 ,45.06 ,4.70 ,1.32 ,1.33 ,1.69 ,1.78 
1164,126.24 ,2.43 ,1.13 ,2.00 ,1.87 ,1.69 ,3.11 ,0.25 ,45.06 ,4.78 ,1.32 ,1.33 ,1.69 ,1.78 
1166,126.08 ,2.43 ,1.13 ,2.00 ,1.87 ,1.69 ,3.13 ,0.25 ,45.05 ,4.83 ,1.31 ,1.32 ,1.69 ,1.78 
1168,125.90 ,2.34 ,1.13 ,2.00 ,1.87 ,1.69 ,3.08 ,0.25 ,45.09 ,4.49 ,1.32 ,1.33 ,1.69 ,1.78 
1170,125.71 ,2.52 ,1.13 ,2.00 ,1.87 ,1.69 ,3.21 ,0.25 ,45.01 ,5.25 ,1.31 ,1.32 ,1.69 ,1.78 
1172,125.51 ,2.44 ,1.13 ,2.00 ,1.87 ,1.69 ,3.17 ,0.25 ,45.04 ,4.96 ,1.31 ,1.32 ,1.69 ,1.78 
1174,110.30 ,2.18 ,1.06 ,2.00 ,1.84 ,1.65 ,3.64 ,0.24 ,44.87 ,6.61 ,1.24 ,1.25 ,1.65 ,1.75 
1176,110.07 ,2.43 ,1.06 ,2.00 ,1.84 ,1.65 ,3.89 ,0.24 ,44.70 ,8.21 ,1.22 ,1.23 ,1.65 ,1.75 
1178,109.84 ,2.45 ,1.06 ,2.00 ,1.84 ,1.65 ,3.93 ,0.24 ,44.67 ,8.43 ,1.22 ,1.23 ,1.65 ,1.75 
1180,109.59 ,2.44 ,1.06 ,2.00 ,1.85 ,1.65 ,3.94 ,0.24 ,44.67 ,8.44 ,1.22 ,1.23 ,1.65 ,1.75 
1182,109.33 ,2.41 ,1.06 ,2.00 ,1.85 ,1.65 ,3.93 ,0.24 ,44.69 ,8.30 ,1.22 ,1.23 ,1.65 ,1.75 
1184,109.05 ,2.42 ,1.06 ,2.01 ,1.85 ,1.65 ,3.96 ,0.24 ,44.67 ,8.43 ,1.22 ,1.23 ,1.65 ,1.75 
1186,108.76 ,2.44 ,1.06 ,2.01 ,1.85 ,1.65 ,4.01 ,0.24 ,44.65 ,8.70 ,1.21 ,1.22 ,1.65 ,1.75 
1188,108.46 ,2.45 ,1.05 ,2.01 ,1.85 ,1.65 ,4.04 ,0.24 ,44.63 ,8.85 ,1.21 ,1.22 ,1.65 ,1.75 
1190,108.15 ,2.43 ,1.05 ,2.01 ,1.85 ,1.65 ,4.05 ,0.24 ,44.63 ,8.82 ,1.21 ,1.22 ,1.65 ,1.75 
1192,107.82 ,2.46 ,1.05 ,2.01 ,1.85 ,1.65 ,4.10 ,0.24 ,44.60 ,9.14 ,1.21 ,1.22 ,1.65 ,1.75 
1194,107.49 ,2.42 ,1.05 ,2.01 ,1.85 ,1.65 ,4.09 ,0.24 ,44.62 ,8.95 ,1.21 ,1.22 ,1.65 ,1.75 
1196,107.14 ,2.42 ,1.05 ,2.01 ,1.85 ,1.65 ,4.11 ,0.24 ,44.61 ,9.05 ,1.21 ,1.22 ,1.65 ,1.75 
1198,106.78 ,2.45 ,1.05 ,2.01 ,1.85 ,1.65 ,4.17 ,0.24 ,44.57 ,9.39 ,1.20 ,1.21 ,1.65 ,1.75 
1200,106.41 ,2.51 ,1.05 ,2.01 ,1.85 ,1.65 ,4.26 ,0.24 ,44.51 ,9.97 ,1.20 ,1.21 ,1.65 ,1.75 
1202,106.37 ,2.47 ,1.05 ,2.01 ,1.85 ,1.65 ,4.24 ,0.24 ,44.54 ,9.73 ,1.20 ,1.21 ,1.65 ,1.75 
1204,106.32 ,2.46 ,1.05 ,2.01 ,1.85 ,1.65 ,4.23 ,0.24 ,44.55 ,9.62 ,1.20 ,1.21 ,1.65 ,1.75 
1206,106.27 ,2.43 ,1.05 ,2.01 ,1.85 ,1.65 ,4.21 ,0.24 ,44.56 ,9.47 ,1.20 ,1.21 ,1.65 ,1.75 
1208,106.22 ,2.47 ,1.05 ,2.01 ,1.85 ,1.65 ,4.26 ,0.24 ,44.53 ,9.75 ,1.20 ,1.21 ,1.65 ,1.75 
1210,106.17 ,2.52 ,1.05 ,2.01 ,1.85 ,1.65 ,4.33 ,0.24 ,44.49 ,10.19 ,1.20 ,1.21 ,1.65 ,1.75 
1212,106.12 ,2.54 ,1.05 ,2.02 ,1.85 ,1.65 ,4.35 ,0.24 ,44.47 ,10.33 ,1.19 ,1.20 ,1.65 ,1.75 
1214,106.07 ,2.42 ,1.05 ,2.02 ,1.85 ,1.65 ,4.23 ,0.24 ,44.57 ,9.41 ,1.21 ,1.22 ,1.65 ,1.75 
1216,106.02 ,2.45 ,1.05 ,2.02 ,1.85 ,1.65 ,4.28 ,0.23 ,44.54 ,9.71 ,1.20 ,1.21 ,1.65 ,1.75 
1218,105.97 ,2.48 ,1.05 ,2.02 ,1.85 ,1.65 ,4.31 ,0.23 ,44.52 ,9.90 ,1.20 ,1.21 ,1.65 ,1.75 
1220,105.92 ,2.47 ,1.05 ,2.02 ,1.85 ,1.65 ,4.31 ,0.23 ,44.52 ,9.85 ,1.20 ,1.21 ,1.65 ,1.75 
1222,105.88 ,2.45 ,1.05 ,2.02 ,1.85 ,1.65 ,4.30 ,0.23 ,44.54 ,9.73 ,1.20 ,1.21 ,1.65 ,1.75 
1224,105.83 ,2.45 ,1.05 ,2.02 ,1.85 ,1.65 ,4.31 ,0.23 ,44.53 ,9.78 ,1.20 ,1.21 ,1.65 ,1.75 
1226,105.78 ,2.47 ,1.05 ,2.02 ,1.85 ,1.65 ,4.34 ,0.23 ,44.51 ,9.93 ,1.20 ,1.21 ,1.65 ,1.75 
1228,105.73 ,2.33 ,1.05 ,2.02 ,1.85 ,1.65 ,4.20 ,0.23 ,44.62 ,8.89 ,1.22 ,1.23 ,1.65 ,1.76 
1230,105.68 ,2.34 ,1.05 ,2.02 ,1.85 ,1.65 ,4.21 ,0.23 ,44.62 ,8.93 ,1.22 ,1.23 ,1.65 ,1.76 
1232,105.62 ,2.44 ,1.05 ,2.02 ,1.85 ,1.65 ,4.33 ,0.23 ,44.53 ,9.74 ,1.21 ,1.22 ,1.65 ,1.76 
1234,105.57 ,2.44 ,1.05 ,2.02 ,1.85 ,1.66 ,4.34 ,0.23 ,44.53 ,9.77 ,1.21 ,1.22 ,1.66 ,1.76 
1236,105.52 ,2.43 ,1.05 ,2.02 ,1.85 ,1.66 ,4.33 ,0.23 ,44.54 ,9.68 ,1.21 ,1.22 ,1.66 ,1.76 
1238,105.47 ,2.42 ,1.05 ,2.02 ,1.86 ,1.66 ,4.34 ,0.23 ,44.54 ,9.67 ,1.21 ,1.22 ,1.66 ,1.76 
1240,105.42 ,2.43 ,1.05 ,2.03 ,1.86 ,1.66 ,4.36 ,0.23 ,44.53 ,9.75 ,1.21 ,1.22 ,1.66 ,1.76 
1242,105.37 ,2.45 ,1.05 ,2.03 ,1.86 ,1.66 ,4.38 ,0.23 ,44.52 ,9.91 ,1.21 ,1.22 ,1.66 ,1.76 
1244,105.32 ,2.44 ,1.05 ,2.03 ,1.86 ,1.66 ,4.39 ,0.23 ,44.52 ,9.88 ,1.21 ,1.22 ,1.66 ,1.76 
1246,105.27 ,2.44 ,1.05 ,2.03 ,1.86 ,1.66 ,4.39 ,0.23 ,44.52 ,9.84 ,1.21 ,1.22 ,1.66 ,1.76 
1248,105.22 ,2.48 ,1.05 ,2.03 ,1.86 ,1.66 ,4.44 ,0.23 ,44.49 ,10.20 ,1.21 ,1.22 ,1.66 ,1.76 
1250,105.17 ,2.54 ,1.05 ,2.03 ,1.86 ,1.66 ,4.52 ,0.23 ,44.43 ,10.71 ,1.20 ,1.21 ,1.66 ,1.76 
1252,105.11 ,2.47 ,1.06 ,2.03 ,1.86 ,1.66 ,4.45 ,0.23 ,44.49 ,10.14 ,1.21 ,1.22 ,1.66 ,1.76 
1254,105.06 ,2.46 ,1.06 ,2.03 ,1.86 ,1.66 ,4.45 ,0.23 ,44.49 ,10.11 ,1.21 ,1.22 ,1.66 ,1.76 
1256,105.01 ,2.47 ,1.06 ,2.03 ,1.86 ,1.66 ,4.47 ,0.23 ,44.48 ,10.24 ,1.21 ,1.22 ,1.66 ,1.76 
1258,104.96 ,2.46 ,1.06 ,2.03 ,1.86 ,1.66 ,4.47 ,0.23 ,44.49 ,10.17 ,1.21 ,1.22 ,1.66 ,1.76 
1260,104.91 ,2.47 ,1.06 ,2.03 ,1.86 ,1.66 ,4.48 ,0.23 ,44.48 ,10.22 ,1.21 ,1.22 ,1.66 ,1.76 
1262,104.86 ,2.46 ,1.06 ,2.03 ,1.86 ,1.66 ,4.49 ,0.23 ,44.48 ,10.21 ,1.21 ,1.22 ,1.66 ,1.76 
1264,104.80 ,2.44 ,1.06 ,2.03 ,1.86 ,1.66 ,4.47 ,0.23 ,44.50 ,10.04 ,1.21 ,1.22 ,1.66 ,1.76 
1266,104.75 ,2.44 ,1.06 ,2.03 ,1.86 ,1.66 ,4.48 ,0.23 ,44.50 ,10.09 ,1.21 ,1.22 ,1.66 ,1.76 
1268,104.70 ,2.37 ,1.06 ,2.03 ,1.86 ,1.66 ,4.41 ,0.23 ,44.55 ,9.55 ,1.22 ,1.23 ,1.66 ,1.76 
1270,104.65 ,2.44 ,1.06 ,2.04 ,1.86 ,1.66 ,4.50 ,0.23 ,44.49 ,10.12 ,1.21 ,1.22 ,1.66 ,1.76 
1272,104.60 ,2.47 ,1.06 ,2.04 ,1.86 ,1.66 ,4.53 ,0.23 ,44.47 ,10.34 ,1.21 ,1.22 ,1.66 ,1.76 
1274,104.54 ,2.44 ,1.06 ,2.04 ,1.86 ,1.66 ,4.51 ,0.23 ,44.49 ,10.13 ,1.22 ,1.23 ,1.66 ,1.77 
1276,104.49 ,2.48 ,1.06 ,2.04 ,1.86 ,1.66 ,4.56 ,0.23 ,44.46 ,10.46 ,1.21 ,1.22 ,1.66 ,1.77 
1278,104.44 ,2.45 ,1.06 ,2.04 ,1.86 ,1.66 ,4.55 ,0.23 ,44.48 ,10.29 ,1.21 ,1.22 ,1.66 ,1.77 
1280,104.39 ,2.42 ,1.06 ,2.04 ,1.87 ,1.66 ,4.52 ,0.23 ,44.50 ,10.07 ,1.22 ,1.23 ,1.66 ,1.77 
1282,104.33 ,2.43 ,1.05 ,2.04 ,1.86 ,1.66 ,4.54 ,0.23 ,44.49 ,10.12 ,1.21 ,1.22 ,1.66 ,1.76 
1284,104.28 ,2.44 ,1.05 ,2.04 ,1.86 ,1.66 ,4.56 ,0.23 ,44.48 ,10.27 ,1.21 ,1.22 ,1.66 ,1.76 
1286,104.23 ,2.45 ,1.05 ,2.04 ,1.86 ,1.66 ,4.58 ,0.23 ,44.47 ,10.34 ,1.20 ,1.21 ,1.66 ,1.76 
1288,104.17 ,2.45 ,1.05 ,2.04 ,1.86 ,1.66 ,4.59 ,0.23 ,44.47 ,10.38 ,1.21 ,1.22 ,1.66 ,1.76 
1290,104.12 ,2.48 ,1.05 ,2.04 ,1.86 ,1.66 ,4.63 ,0.23 ,44.44 ,10.61 ,1.20 ,1.21 ,1.66 ,1.76 
1292,104.07 ,2.48 ,1.04 ,2.04 ,1.86 ,1.66 ,4.65 ,0.23 ,44.43 ,10.69 ,1.20 ,1.21 ,1.66 ,1.76 
1294,104.01 ,2.48 ,1.04 ,2.04 ,1.86 ,1.66 ,4.65 ,0.23 ,44.43 ,10.68 ,1.20 ,1.21 ,1.66 ,1.76 
1296,103.96 ,2.49 ,1.04 ,2.04 ,1.86 ,1.66 ,4.67 ,0.23 ,44.43 ,10.74 ,1.20 ,1.21 ,1.66 ,1.76 
1298,103.91 ,2.48 ,1.04 ,2.04 ,1.87 ,1.66 ,4.67 ,0.23 ,44.43 ,10.72 ,1.20 ,1.21 ,1.66 ,1.76 
1300,103.86 ,2.49 ,1.04 ,2.04 ,1.87 ,1.66 ,4.69 ,0.23 ,44.42 ,10.83 ,1.20 ,1.21 ,1.66 ,1.76 
1302,103.79 ,2.50 ,1.04 ,2.05 ,1.87 ,1.66 ,4.71 ,0.23 ,44.41 ,10.89 ,1.20 ,1.21 ,1.66 ,1.76 
1304,103.72 ,2.49 ,1.04 ,2.05 ,1.87 ,1.66 ,4.71 ,0.23 ,44.41 ,10.88 ,1.20 ,1.21 ,1.66 ,1.77 
1306,103.65 ,2.51 ,1.04 ,2.05 ,1.87 ,1.66 ,4.75 ,0.23 ,44.39 ,11.09 ,1.20 ,1.21 ,1.66 ,1.77 
1308,103.58 ,2.51 ,1.04 ,2.05 ,1.87 ,1.66 ,4.76 ,0.23 ,44.39 ,11.11 ,1.20 ,1.21 ,1.66 ,1.77 
1310,103.52 ,2.53 ,1.04 ,2.05 ,1.87 ,1.66 ,4.79 ,0.23 ,44.37 ,11.27 ,1.20 ,1.21 ,1.66 ,1.77 
1312,103.45 ,2.54 ,1.04 ,2.05 ,1.87 ,1.66 ,4.81 ,0.23 ,44.36 ,11.38 ,1.20 ,1.21 ,1.66 ,1.77 
1314,103.38 ,2.50 ,1.04 ,2.05 ,1.87 ,1.66 ,4.78 ,0.23 ,44.39 ,11.11 ,1.20 ,1.21 ,1.66 ,1.77 
1316,103.31 ,2.48 ,1.04 ,2.05 ,1.87 ,1.66 ,4.76 ,0.23 ,44.40 ,10.99 ,1.20 ,1.21 ,1.66 ,1.77 
1318,103.24 ,2.48 ,1.04 ,2.05 ,1.87 ,1.66 ,4.77 ,0.23 ,44.40 ,10.99 ,1.20 ,1.21 ,1.66 ,1.77 
1320,103.18 ,2.43 ,1.04 ,2.05 ,1.87 ,1.66 ,4.72 ,0.23 ,44.44 ,10.59 ,1.21 ,1.22 ,1.66 ,1.77 
1322,103.11 ,2.47 ,1.04 ,2.05 ,1.87 ,1.66 ,4.78 ,0.23 ,44.40 ,10.96 ,1.20 ,1.21 ,1.66 ,1.77 
1324,103.04 ,2.49 ,1.04 ,2.05 ,1.87 ,1.66 ,4.81 ,0.23 ,44.39 ,11.13 ,1.20 ,1.21 ,1.66 ,1.77 
1326,102.97 ,2.42 ,1.04 ,2.05 ,1.87 ,1.66 ,4.73 ,0.23 ,44.45 ,10.55 ,1.21 ,1.22 ,1.66 ,1.77 
1328,102.90 ,2.48 ,1.04 ,2.05 ,1.87 ,1.66 ,4.83 ,0.23 ,44.38 ,11.16 ,1.20 ,1.21 ,1.66 ,1.77 
1330,102.84 ,2.47 ,1.04 ,2.06 ,1.87 ,1.66 ,4.82 ,0.23 ,44.40 ,11.05 ,1.20 ,1.21 ,1.66 ,1.77 
1332,102.77 ,2.48 ,1.04 ,2.06 ,1.87 ,1.66 ,4.84 ,0.23 ,44.38 ,11.16 ,1.20 ,1.21 ,1.66 ,1.77 
1334,102.70 ,2.50 ,1.04 ,2.06 ,1.87 ,1.66 ,4.88 ,0.23 ,44.36 ,11.39 ,1.20 ,1.21 ,1.66 ,1.77 
1336,102.63 ,2.49 ,1.04 ,2.06 ,1.87 ,1.67 ,4.88 ,0.23 ,44.36 ,11.37 ,1.20 ,1.21 ,1.67 ,1.77 
1338,102.56 ,2.49 ,1.04 ,2.06 ,1.87 ,1.67 ,4.89 ,0.23 ,44.36 ,11.38 ,1.20 ,1.21 ,1.67 ,1.77 
1340,102.49 ,2.46 ,1.04 ,2.06 ,1.87 ,1.67 ,4.86 ,0.23 ,44.38 ,11.14 ,1.20 ,1.21 ,1.67 ,1.77 
1342,102.43 ,2.49 ,1.04 ,2.06 ,1.87 ,1.67 ,4.91 ,0.23 ,44.35 ,11.44 ,1.20 ,1.21 ,1.67 ,1.77 
1344,102.36 ,2.46 ,1.04 ,2.06 ,1.87 ,1.67 ,4.88 ,0.23 ,44.38 ,11.21 ,1.20 ,1.21 ,1.67 ,1.77 
1346,102.29 ,2.48 ,1.04 ,2.06 ,1.87 ,1.67 ,4.91 ,0.23 ,44.36 ,11.36 ,1.20 ,1.21 ,1.67 ,1.77 
1348,102.22 ,2.43 ,1.04 ,2.06 ,1.88 ,1.67 ,4.86 ,0.23 ,44.40 ,10.97 ,1.21 ,1.22 ,1.67 ,1.77 
1350,102.15 ,2.53 ,1.04 ,2.06 ,1.88 ,1.67 ,4.99 ,0.23 ,44.31 ,11.86 ,1.20 ,1.21 ,1.67 ,1.77 
1352,102.08 ,2.52 ,1.04 ,2.06 ,1.88 ,1.67 ,4.99 ,0.23 ,44.31 ,11.81 ,1.20 ,1.21 ,1.67 ,1.77 
1354,102.02 ,2.53 ,1.04 ,2.06 ,1.88 ,1.67 ,5.02 ,0.23 ,44.30 ,11.93 ,1.20 ,1.21 ,1.67 ,1.77 
1356,101.95 ,2.50 ,1.04 ,2.06 ,1.88 ,1.67 ,5.00 ,0.23 ,44.32 ,11.75 ,1.20 ,1.21 ,1.67 ,1.77 
1358,101.88 ,2.49 ,1.04 ,2.06 ,1.88 ,1.67 ,5.00 ,0.23 ,44.33 ,11.69 ,1.20 ,1.21 ,1.67 ,1.77 
1360,101.81 ,2.51 ,1.04 ,2.06 ,1.88 ,1.67 ,5.03 ,0.23 ,44.31 ,11.88 ,1.20 ,1.21 ,1.67 ,1.77 
1362,101.74 ,2.48 ,1.04 ,2.07 ,1.88 ,1.67 ,5.00 ,0.23 ,44.33 ,11.66 ,1.20 ,1.21 ,1.67 ,1.78 
1364,101.68 ,2.50 ,1.04 ,2.07 ,1.88 ,1.67 ,5.03 ,0.23 ,44.31 ,11.81 ,1.20 ,1.21 ,1.67 ,1.78 
1366,101.61 ,2.49 ,1.04 ,2.07 ,1.88 ,1.67 ,5.03 ,0.23 ,44.32 ,11.79 ,1.20 ,1.21 ,1.67 ,1.78 
1368,101.54 ,2.52 ,1.04 ,2.07 ,1.88 ,1.67 ,5.08 ,0.23 ,44.29 ,12.04 ,1.20 ,1.21 ,1.67 ,1.78 
1370,101.47 ,2.49 ,1.04 ,2.07 ,1.88 ,1.67 ,5.06 ,0.23 ,44.31 ,11.85 ,1.20 ,1.21 ,1.67 ,1.78 
1372,101.41 ,2.46 ,1.04 ,2.07 ,1.88 ,1.67 ,5.03 ,0.23 ,44.33 ,11.63 ,1.20 ,1.21 ,1.67 ,1.78 
1374,101.34 ,2.52 ,1.04 ,2.07 ,1.88 ,1.67 ,5.11 ,0.23 ,44.28 ,12.14 ,1.20 ,1.21 ,1.67 ,1.78 
1376,101.27 ,2.49 ,1.04 ,2.07 ,1.88 ,1.67 ,5.09 ,0.23 ,44.30 ,11.95 ,1.20 ,1.21 ,1.67 ,1.78 
1378,101.20 ,2.38 ,1.04 ,2.07 ,1.88 ,1.67 ,4.95 ,0.23 ,44.40 ,10.98 ,1.21 ,1.22 ,1.67 ,1.78 
1380,101.13 ,2.49 ,1.04 ,2.07 ,1.88 ,1.67 ,5.10 ,0.23 ,44.30 ,11.98 ,1.20 ,1.21 ,1.67 ,1.78 
1382,101.07 ,2.48 ,1.04 ,2.07 ,1.88 ,1.67 ,5.10 ,0.23 ,44.30 ,11.89 ,1.20 ,1.21 ,1.67 ,1.78 
1384,101.00 ,2.49 ,1.04 ,2.07 ,1.88 ,1.67 ,5.12 ,0.23 ,44.29 ,12.02 ,1.20 ,1.21 ,1.67 ,1.78 
1386,100.93 ,2.49 ,1.04 ,2.07 ,1.88 ,1.67 ,5.14 ,0.23 ,44.28 ,12.09 ,1.20 ,1.21 ,1.67 ,1.78 
1388,100.87 ,2.53 ,1.04 ,2.07 ,1.88 ,1.67 ,5.20 ,0.23 ,44.24 ,12.50 ,1.20 ,1.21 ,1.67 ,1.78 
1390.00,100.80,2.39,1.04,2.07,1.88,1.67,5.02,0.23,44.38,11.20,1.21,1.22,1.67,1.78
1392.00,100.73,2.52,1.04,2.07,1.88,1.67,5.21,0.23,44.24,12.45,1.20,1.21,1.67,1.78
1394.00,100.66,2.50,1.04,2.07,1.88,1.67,5.19,0.23,44.26,12.28,1.20,1.21,1.67,1.78
1396.00,100.60,2.48,1.04,2.08,1.88,1.67,5.17,0.23,44.28,12.12,1.20,1.21,1.67,1.78
1398.00,100.53,2.50,1.04,2.08,1.88,1.67,5.22,0.23,44.25,12.39,1.20,1.21,1.67,1.78
1400.00,100.46,2.49,1.04,2.08,1.88,1.67,5.21,0.23,44.26,12.26,1.20,1.21,1.67,1.78
1402.00,100.43,2.51,1.04,2.08,1.88,1.67,5.25,0.23,44.24,12.52,1.20,1.21,1.67,1.78
1404.00,100.39,2.48,1.05,2.08,1.89,1.67,5.22,0.23,44.26,12.28,1.20,1.21,1.67,1.78
1406.00,100.35,2.50,1.05,2.08,1.89,1.67,5.26,0.23,44.24,12.51,1.20,1.21,1.67,1.78
1408.00,100.32,2.50,1.05,2.08,1.89,1.67,5.26,0.23,44.24,12.50,1.20,1.21,1.67,1.78
1410.00,100.28,2.49,1.05,2.08,1.89,1.67,5.25,0.23,44.25,12.40,1.20,1.21,1.67,1.78
1412.00,100.24,2.51,1.05,2.08,1.89,1.67,5.29,0.23,44.23,12.63,1.20,1.21,1.67,1.78
1414.00,100.20,2.50,1.05,2.08,1.89,1.67,5.29,0.23,44.23,12.57,1.20,1.21,1.67,1.78
1416.00,100.17,2.48,1.05,2.08,1.89,1.68,5.27,0.23,44.25,12.40,1.20,1.21,1.68,1.78
1418.00,100.13,2.50,1.05,2.08,1.89,1.68,5.30,0.23,44.23,12.60,1.20,1.21,1.68,1.78
1420.00,100.09,2.50,1.05,2.08,1.89,1.68,5.31,0.23,44.22,12.63,1.20,1.21,1.68,1.78
1422.00,100.06,2.52,1.05,2.08,1.89,1.68,5.35,0.23,44.20,12.84,1.20,1.21,1.68,1.78
1424.00,100.02,2.51,1.05,2.08,1.89,1.68,5.34,0.23,44.21,12.73,1.20,1.21,1.68,1.78
1426.00,99.98,2.52,1.05,2.08,1.89,1.68,5.36,0.23,44.20,12.87,1.20,1.21,1.68,1.78
1428.00,99.95,2.49,1.05,2.08,1.89,1.68,5.33,0.23,44.23,12.56,1.21,1.22,1.68,1.79
1430.00,99.91,2.52,1.05,2.09,1.89,1.68,5.37,0.23,44.20,12.83,1.20,1.21,1.68,1.79
1432.00,99.87,2.50,1.05,2.09,1.89,1.68,5.36,0.23,44.22,12.71,1.21,1.22,1.68,1.79
1434.00,99.84,2.51,1.05,2.09,1.89,1.68,5.37,0.23,44.21,12.78,1.20,1.21,1.68,1.79
1436.00,99.80,2.49,1.05,2.09,1.89,1.68,5.36,0.23,44.22,12.64,1.21,1.22,1.68,1.79
1438.00,99.76,2.52,1.05,2.09,1.89,1.68,5.41,0.23,44.19,12.93,1.20,1.21,1.68,1.79
1440.00,99.73,2.49,1.05,2.09,1.89,1.68,5.38,0.23,44.22,12.70,1.21,1.22,1.68,1.79
1442.00,99.69,2.51,1.05,2.09,1.89,1.68,5.41,0.23,44.20,12.88,1.21,1.22,1.68,1.79
1444.00,99.65,2.51,1.05,2.09,1.89,1.68,5.42,0.23,44.19,12.93,1.21,1.22,1.68,1.79
1446.00,99.62,2.51,1.05,2.09,1.89,1.68,5.42,0.23,44.20,12.87,1.21,1.22,1.68,1.79
1448.00,99.58,2.52,1.05,2.09,1.89,1.68,5.44,0.23,44.18,13.01,1.21,1.22,1.68,1.79
1450.00,99.55,2.51,1.05,2.09,1.89,1.68,5.44,0.23,44.19,12.95,1.21,1.22,1.68,1.79
1452.00,99.51,2.50,1.05,2.09,1.89,1.68,5.44,0.23,44.20,12.87,1.21,1.22,1.68,1.79
1454.00,99.47,2.51,1.05,2.09,1.89,1.68,5.46,0.23,44.18,13.02,1.21,1.22,1.68,1.79
1456.00,99.44,2.40,1.05,2.09,1.90,1.68,5.31,0.23,44.30,11.93,1.22,1.23,1.68,1.79
1458.00,99.40,2.51,1.05,2.09,1.90,1.68,5.47,0.23,44.18,13.00,1.21,1.22,1.68,1.79
1460.00,99.36,2.53,1.05,2.09,1.90,1.68,5.51,0.23,44.16,13.22,1.21,1.22,1.68,1.79
1462.00,99.33,2.52,1.05,2.09,1.90,1.68,5.51,0.22,44.16,13.21,1.21,1.22,1.68,1.79
1464.00,99.29,2.48,1.05,2.10,1.90,1.68,5.45,0.22,44.21,12.75,1.21,1.22,1.68,1.79
1466.00,99.26,2.51,1.05,2.10,1.90,1.68,5.51,0.22,44.17,13.11,1.21,1.22,1.68,1.79
1468.00,99.22,2.51,1.05,2.10,1.90,1.68,5.51,0.22,44.17,13.10,1.21,1.22,1.68,1.79
1470.00,99.18,2.52,1.05,2.10,1.90,1.68,5.54,0.22,44.16,13.25,1.21,1.22,1.68,1.79
1472.00,99.15,2.51,1.05,2.10,1.90,1.68,5.53,0.22,44.17,13.18,1.21,1.22,1.68,1.79
1474.00,99.11,2.51,1.05,2.10,1.90,1.68,5.54,0.22,44.16,13.22,1.21,1.22,1.68,1.79
1476.00,99.08,2.52,1.05,2.10,1.90,1.68,5.56,0.22,44.15,13.28,1.21,1.22,1.68,1.79
1478.00,99.04,2.54,1.05,2.10,1.90,1.68,5.60,0.22,44.13,13.51,1.21,1.22,1.68,1.79
1480.00,99.00,2.51,1.05,2.10,1.90,1.68,5.56,0.22,44.16,13.23,1.21,1.22,1.68,1.79
1482.00,98.97,2.50,1.05,2.10,1.90,1.68,5.56,0.22,44.17,13.16,1.21,1.22,1.68,1.79
1484.00,98.93,2.50,1.05,2.10,1.90,1.68,5.56,0.22,44.17,13.16,1.21,1.22,1.68,1.79
1486.00,98.90,2.45,1.05,2.10,1.90,1.69,5.50,0.22,44.22,12.69,1.22,1.23,1.69,1.79
1488.00,98.86,2.41,1.05,2.10,1.90,1.69,5.44,0.22,44.26,12.28,1.22,1.23,1.69,1.80
1490.00,98.83,2.36,1.05,2.10,1.90,1.69,5.38,0.22,44.31,11.81,1.23,1.24,1.69,1.80
1492.00,98.79,2.21,1.05,2.10,1.90,1.69,5.16,0.22,44.47,10.38,1.24,1.25,1.69,1.80
1494.00,98.76,2.28,1.05,2.10,1.90,1.69,5.28,0.22,44.39,11.08,1.23,1.24,1.69,1.80
1496.00,98.72,2.16,1.05,2.10,1.90,1.69,5.11,0.22,44.51,10.00,1.24,1.25,1.69,1.80
1498.00,98.68,2.24,1.05,2.10,1.90,1.69,5.23,0.22,44.43,10.75,1.24,1.25,1.69,1.80
1500.00,98.65,2.16,1.05,2.10,1.90,1.69,5.12,0.22,44.50,10.02,1.24,1.25,1.69,1.80
1502.00,98.61,2.57,1.05,2.10,1.90,1.69,5.74,0.22,44.07,14.09,1.21,1.22,1.69,1.80
1504.00,98.58,2.53,1.05,2.10,1.90,1.69,5.69,0.22,44.11,13.70,1.21,1.22,1.69,1.80
1506.00,98.54,2.54,1.05,2.10,1.90,1.69,5.70,0.22,44.10,13.79,1.21,1.22,1.69,1.80
1508.00,98.51,2.56,1.05,2.11,1.90,1.69,5.74,0.22,44.07,14.04,1.21,1.22,1.69,1.80
1510.00,98.47,2.53,1.05,2.11,1.90,1.69,5.70,0.22,44.11,13.67,1.21,1.22,1.69,1.80
1512.00,98.44,2.53,1.05,2.11,1.90,1.69,5.71,0.22,44.11,13.71,1.21,1.22,1.69,1.80
1514.00,98.40,2.39,1.05,2.11,1.90,1.69,5.51,0.22,44.26,12.28,1.22,1.23,1.69,1.80
1516.00,98.37,2.42,1.05,2.11,1.90,1.69,5.56,0.22,44.22,12.64,1.22,1.23,1.69,1.80
1518.00,98.33,2.55,1.05,2.11,1.90,1.69,5.76,0.22,44.08,13.96,1.21,1.22,1.69,1.80
1520.00,98.30,2.49,1.05,2.11,1.90,1.69,5.69,0.22,44.14,13.44,1.22,1.23,1.69,1.80
1522.00,98.26,2.57,1.05,2.11,1.91,1.69,5.81,0.22,44.05,14.25,1.21,1.22,1.69,1.80
1524.00,98.23,2.56,1.05,2.11,1.91,1.69,5.81,0.22,44.05,14.22,1.21,1.22,1.69,1.80
1526.00,98.19,2.56,1.05,2.11,1.91,1.69,5.82,0.22,44.05,14.21,1.21,1.22,1.69,1.80
1528.00,98.16,2.41,1.05,2.11,1.91,1.69,5.59,0.22,44.22,12.64,1.22,1.23,1.69,1.80
1530.00,98.12,2.52,1.05,2.11,1.91,1.69,5.76,0.22,44.10,13.77,1.21,1.22,1.69,1.80
1532.00,98.09,2.59,1.05,2.11,1.91,1.69,5.89,0.22,44.01,14.61,1.21,1.22,1.69,1.80
1534.00,98.05,2.58,1.05,2.11,1.91,1.69,5.88,0.22,44.02,14.52,1.21,1.22,1.69,1.80
1536.00,98.02,2.60,1.05,2.11,1.91,1.69,5.92,0.22,43.99,14.76,1.21,1.22,1.69,1.80
1538.00,97.98,2.58,1.05,2.11,1.91,1.69,5.89,0.22,44.02,14.53,1.21,1.22,1.69,1.80
1540.00,97.95,2.61,1.05,2.11,1.91,1.69,5.95,0.22,43.98,14.89,1.21,1.22,1.69,1.80
1542.00,97.91,2.55,1.06,2.11,1.91,1.69,5.87,0.22,44.05,14.28,1.21,1.22,1.69,1.80
1544.00,97.88,2.51,1.06,2.12,1.91,1.69,5.81,0.22,44.10,13.80,1.22,1.23,1.69,1.80
1546.00,97.84,2.51,1.06,2.12,1.91,1.69,5.82,0.22,44.09,13.83,1.22,1.23,1.69,1.80
1548.00,97.81,2.53,1.06,2.12,1.91,1.69,5.86,0.22,44.07,14.10,1.21,1.22,1.69,1.80
1550.00,97.77,2.55,1.06,2.12,1.91,1.69,5.90,0.22,44.04,14.34,1.21,1.22,1.69,1.80
1552.00,97.74,2.53,1.06,2.12,1.91,1.69,5.88,0.22,44.06,14.16,1.22,1.23,1.69,1.80
1554.00,97.70,2.51,1.06,2.12,1.91,1.69,5.84,0.22,44.09,13.89,1.22,1.23,1.69,1.80
1556.00,97.67,2.55,1.06,2.12,1.91,1.69,5.92,0.22,44.03,14.40,1.21,1.22,1.69,1.80
1558.00,97.63,2.55,1.06,2.12,1.91,1.69,5.93,0.22,44.03,14.44,1.21,1.22,1.69,1.80
1560.00,97.60,2.60,1.06,2.12,1.91,1.69,6.02,0.22,43.97,15.00,1.21,1.22,1.69,1.81
1562.00,97.57,2.55,1.06,2.12,1.91,1.69,5.95,0.22,44.02,14.47,1.21,1.22,1.69,1.81
1564.00,97.53,2.56,1.06,2.12,1.91,1.69,5.97,0.22,44.01,14.58,1.21,1.22,1.69,1.81
1566.00,97.50,2.58,1.06,2.12,1.91,1.69,6.01,0.22,43.99,14.79,1.21,1.22,1.69,1.81
1568.00,97.46,2.52,1.06,2.12,1.91,1.70,5.91,0.22,44.06,14.11,1.22,1.23,1.70,1.81
1570.00,97.43,2.52,1.06,2.12,1.91,1.70,5.93,0.22,44.06,14.18,1.22,1.23,1.70,1.81
1572.00,97.39,2.54,1.06,2.12,1.91,1.70,5.96,0.22,44.03,14.38,1.22,1.23,1.70,1.81
1574.00,97.36,2.56,1.06,2.12,1.91,1.70,6.01,0.22,44.00,14.69,1.21,1.22,1.70,1.81
1576.00,97.32,2.58,1.06,2.12,1.91,1.70,6.05,0.22,43.98,14.92,1.21,1.22,1.70,1.81
1578.00,97.29,2.60,1.06,2.12,1.92,1.70,6.09,0.22,43.95,15.13,1.21,1.22,1.70,1.81
1580.00,97.26,2.58,1.06,2.13,1.92,1.70,6.06,0.22,43.97,14.94,1.21,1.22,1.70,1.81
1582.00,97.22,2.58,1.06,2.13,1.92,1.70,6.07,0.22,43.97,14.97,1.21,1.22,1.70,1.81
1584.00,97.19,2.60,1.06,2.13,1.92,1.70,6.11,0.22,43.95,15.17,1.21,1.22,1.70,1.81
1586.00,97.15,2.61,1.06,2.13,1.92,1.70,6.13,0.22,43.93,15.30,1.21,1.22,1.70,1.81
1588.00,97.12,2.62,1.06,2.13,1.92,1.70,6.17,0.22,43.91,15.51,1.21,1.22,1.70,1.81
1590.00,97.09,2.62,1.06,2.13,1.92,1.70,6.17,0.22,43.91,15.51,1.21,1.22,1.70,1.81
1592.00,97.05,2.57,1.06,2.13,1.92,1.70,6.09,0.22,43.98,14.91,1.22,1.23,1.70,1.81
1594.00,97.02,2.52,1.06,2.13,1.92,1.70,6.02,0.22,44.03,14.40,1.22,1.23,1.70,1.81
1596.00,96.98,2.60,1.06,2.13,1.92,1.70,6.17,0.22,43.93,15.37,1.21,1.22,1.70,1.81
1598.00,96.95,2.63,1.06,2.13,1.92,1.70,6.22,0.22,43.89,15.68,1.21,1.22,1.70,1.81
1600.00,96.92,2.61,1.04,2.13,1.92,1.69,6.20,0.22,43.91,15.53,1.20,1.21,1.69,1.81
1602.00,96.88,2.60,1.04,2.13,1.92,1.69,6.19,0.22,43.92,15.39,1.20,1.21,1.69,1.81
1604.00,96.85,2.52,1.04,2.13,1.92,1.69,6.07,0.22,44.02,14.55,1.21,1.22,1.69,1.81
1606.00,96.81,3.09,1.05,2.13,1.92,1.69,7.00,0.22,43.25,21.47,1.15,1.16,1.69,1.81
1608.00,96.78,2.96,1.05,2.13,1.92,1.70,6.80,0.22,43.44,19.78,1.17,1.18,1.70,1.81
1610.00,96.75,3.16,1.05,2.13,1.92,1.70,7.13,0.22,43.14,22.42,1.14,1.15,1.70,1.81
1612.00,96.71,3.20,1.05,2.14,1.92,1.70,7.21,0.22,43.07,23.04,1.14,1.15,1.70,1.81
1614.00,96.68,3.13,1.05,2.14,1.92,1.70,7.10,0.22,43.18,22.05,1.15,1.16,1.70,1.81
1616.00,96.64,2.88,1.05,2.14,1.92,1.70,6.71,0.22,43.54,18.90,1.18,1.19,1.70,1.81
1618.00,96.61,2.36,1.05,2.14,1.92,1.70,5.87,0.22,44.20,12.88,1.23,1.24,1.70,1.81
1620.00,96.58,2.44,1.05,2.14,1.92,1.70,6.01,0.22,44.10,13.75,1.22,1.23,1.70,1.81
1622.00,96.54,2.60,1.05,2.14,1.92,1.70,6.28,0.22,43.90,15.61,1.21,1.22,1.70,1.81
1624.00,96.51,2.54,1.05,2.14,1.92,1.70,6.19,0.22,43.97,14.94,1.21,1.22,1.70,1.81
1626.00,96.48,2.42,1.05,2.14,1.92,1.70,6.00,0.22,44.12,13.59,1.22,1.23,1.70,1.81
1628.00,96.44,2.62,1.05,2.14,1.92,1.70,6.34,0.22,43.87,15.90,1.20,1.21,1.70,1.81
1630.00,96.41,2.68,1.05,2.14,1.92,1.70,6.45,0.22,43.78,16.67,1.20,1.21,1.70,1.81
1632.00,96.38,2.62,1.05,2.14,1.92,1.70,6.36,0.22,43.86,15.98,1.20,1.21,1.70,1.81
1634.00,96.34,2.64,1.05,2.14,1.92,1.70,6.40,0.22,43.84,16.19,1.20,1.21,1.70,1.81
1636.00,96.31,2.60,1.05,2.14,1.92,1.70,6.35,0.22,43.88,15.80,1.21,1.22,1.70,1.81
1638.00,96.27,2.49,1.05,2.14,1.93,1.70,6.17,0.22,44.02,14.50,1.22,1.23,1.70,1.81
1640.00,96.24,2.62,1.05,2.15,1.93,1.70,6.39,0.22,43.85,16.04,1.21,1.22,1.70,1.81
1642.00,96.21,2.71,1.05,2.15,1.93,1.70,6.55,0.22,43.73,17.15,1.20,1.21,1.70,1.82
1644.00,96.17,2.54,1.05,2.15,1.93,1.70,6.28,0.22,43.95,15.16,1.21,1.22,1.70,1.82
1646.00,96.14,2.69,1.05,2.15,1.93,1.70,6.53,0.22,43.76,16.91,1.20,1.21,1.70,1.82
1648.00,96.11,2.71,1.05,2.15,1.93,1.70,6.57,0.22,43.73,17.13,1.20,1.21,1.70,1.82
1650.00,96.07,2.71,1.05,2.15,1.93,1.70,6.59,0.22,43.72,17.26,1.20,1.21,1.70,1.82
1652.00,96.04,2.66,1.05,2.15,1.93,1.70,6.52,0.22,43.78,16.69,1.20,1.21,1.70,1.82
1654.00,96.01,2.70,1.05,2.15,1.93,1.70,6.58,0.22,43.73,17.12,1.20,1.21,1.70,1.82
1656.00,95.97,2.66,1.05,2.15,1.93,1.70,6.53,0.22,43.78,16.72,1.20,1.21,1.70,1.82
1658.00,95.94,2.59,1.05,2.15,1.93,1.70,6.42,0.22,43.87,15.91,1.21,1.22,1.70,1.82
1660.00,95.91,2.67,1.05,2.15,1.93,1.70,6.55,0.22,43.77,16.78,1.20,1.21,1.70,1.82
1662.00,95.87,2.68,1.05,2.15,1.93,1.70,6.59,0.22,43.74,17.03,1.20,1.21,1.70,1.82
1664.00,95.84,2.65,1.05,2.15,1.93,1.70,6.54,0.22,43.79,16.60,1.21,1.22,1.70,1.82
1666.00,95.81,2.70,1.05,2.15,1.93,1.70,6.63,0.22,43.72,17.22,1.20,1.21,1.70,1.82
1668.00,95.77,2.69,1.05,2.15,1.93,1.70,6.64,0.22,43.72,17.21,1.20,1.21,1.70,1.82
1670.00,95.74,2.55,1.05,2.15,1.93,1.70,6.41,0.22,43.91,15.56,1.22,1.23,1.70,1.82
1672.00,95.71,2.59,1.05,2.16,1.93,1.70,6.48,0.22,43.85,16.05,1.21,1.22,1.70,1.82
1674.00,95.67,2.60,1.05,2.16,1.93,1.70,6.49,0.22,43.85,16.10,1.21,1.22,1.70,1.82
1676.00,95.64,2.67,1.05,2.16,1.93,1.71,6.63,0.22,43.75,17.00,1.20,1.21,1.71,1.82
1678.00,95.61,2.68,1.05,2.16,1.93,1.71,6.66,0.22,43.72,17.23,1.20,1.21,1.71,1.82
1680.00,95.57,2.66,1.05,2.16,1.93,1.71,6.63,0.22,43.76,16.93,1.21,1.22,1.71,1.82
1682.00,95.54,2.63,1.05,2.16,1.93,1.71,6.58,0.22,43.80,16.54,1.21,1.22,1.71,1.82
1684.00,95.51,2.60,1.05,2.16,1.93,1.71,6.54,0.22,43.83,16.25,1.21,1.22,1.71,1.82
1686.00,95.47,2.61,1.05,2.16,1.93,1.71,6.58,0.22,43.81,16.46,1.21,1.22,1.71,1.82
1688.00,95.44,2.62,1.05,2.16,1.93,1.71,6.60,0.22,43.80,16.54,1.21,1.22,1.71,1.82
1690.00,95.41,2.59,1.05,2.16,1.93,1.71,6.55,0.22,43.84,16.17,1.21,1.22,1.71,1.82
1692.00,95.37,2.63,1.05,2.16,1.94,1.71,6.63,0.22,43.78,16.69,1.21,1.22,1.71,1.82
1694.00,95.34,2.68,1.05,2.16,1.94,1.71,6.73,0.22,43.70,17.39,1.20,1.21,1.71,1.82
1696.00,95.31,2.69,1.05,2.16,1.94,1.71,6.74,0.22,43.70,17.45,1.20,1.21,1.71,1.82
1698.00,95.27,2.68,1.05,2.16,1.94,1.71,6.74,0.22,43.71,17.38,1.21,1.22,1.71,1.82
1700.00,95.24,2.71,1.05,2.16,1.94,1.71,6.80,0.22,43.66,17.77,1.20,1.21,1.71,1.82
1702.00,95.21,2.64,1.05,2.16,1.94,1.71,6.70,0.22,43.75,16.98,1.21,1.22,1.71,1.82
1704.00,95.17,2.67,1.05,2.16,1.94,1.71,6.75,0.22,43.71,17.32,1.21,1.22,1.71,1.82
1706.00,95.14,2.60,1.05,2.16,1.94,1.71,6.64,0.22,43.80,16.53,1.21,1.22,1.71,1.83
1708.00,95.11,2.58,1.05,2.17,1.94,1.71,6.62,0.22,43.82,16.32,1.22,1.23,1.71,1.83
1710.00,95.07,2.63,1.05,2.17,1.94,1.71,6.71,0.22,43.75,16.96,1.21,1.22,1.71,1.83
1712.00,95.04,2.69,1.05,2.17,1.94,1.71,6.82,0.22,43.67,17.71,1.21,1.22,1.71,1.83
1714.00,95.01,2.70,1.05,2.17,1.94,1.71,6.85,0.22,43.65,17.85,1.20,1.21,1.71,1.83
1716.00,94.97,2.66,1.05,2.17,1.94,1.71,6.79,0.22,43.70,17.39,1.21,1.22,1.71,1.83
1718.00,94.94,2.63,1.05,2.17,1.94,1.71,6.74,0.22,43.75,17.01,1.21,1.22,1.71,1.83
1720.00,94.91,2.64,1.05,2.17,1.94,1.71,6.76,0.22,43.73,17.11,1.21,1.22,1.71,1.83
1722.00,94.87,2.62,1.05,2.17,1.94,1.71,6.75,0.22,43.75,16.97,1.21,1.22,1.71,1.83
1724.00,94.84,2.63,1.05,2.17,1.94,1.71,6.77,0.22,43.74,17.08,1.21,1.22,1.71,1.83
1726.00,94.81,2.64,1.05,2.17,1.94,1.71,6.78,0.22,43.73,17.16,1.21,1.22,1.71,1.83
1728.00,94.77,2.61,1.05,2.17,1.94,1.71,6.76,0.22,43.76,16.92,1.21,1.22,1.71,1.83
1730.00,94.74,2.70,1.05,2.17,1.94,1.71,6.92,0.22,43.63,18.06,1.21,1.22,1.71,1.83
1732.00,94.71,2.53,1.05,2.17,1.94,1.71,6.62,0.22,43.87,15.88,1.22,1.23,1.71,1.83
1734.00,94.67,2.55,1.05,2.17,1.94,1.71,6.67,0.22,43.83,16.25,1.22,1.23,1.71,1.83
1736.00,94.64,2.70,1.05,2.17,1.94,1.71,6.94,0.22,43.63,18.08,1.21,1.22,1.71,1.83
1738.00,94.61,2.61,1.05,2.17,1.94,1.71,6.79,0.22,43.75,16.99,1.22,1.23,1.71,1.83
1740.00,94.57,2.46,1.05,2.17,1.94,1.71,6.53,0.22,43.94,15.21,1.23,1.24,1.71,1.83
1742.00,94.54,2.37,1.05,2.17,1.94,1.71,6.37,0.22,44.07,14.10,1.24,1.25,1.71,1.83
1744.00,94.51,2.35,1.05,2.17,1.94,1.71,6.36,0.22,44.08,14.00,1.24,1.25,1.71,1.83
1746.00,94.47,2.52,1.05,2.17,1.94,1.71,6.66,0.22,43.86,15.99,1.22,1.23,1.71,1.83
1748.00,94.44,2.60,1.05,2.17,1.94,1.71,6.81,0.22,43.75,16.94,1.22,1.23,1.71,1.83
1750.00,94.41,2.59,1.05,2.18,1.94,1.71,6.80,0.22,43.76,16.89,1.22,1.23,1.71,1.83
1752.00,94.37,2.48,1.05,2.18,1.94,1.71,6.62,0.22,43.90,15.60,1.23,1.24,1.71,1.83
1754.00,94.34,2.45,1.05,2.18,1.94,1.71,6.57,0.21,43.94,15.24,1.23,1.24,1.71,1.83
1756.00,94.31,2.38,1.05,2.18,1.94,1.71,6.45,0.21,44.03,14.45,1.24,1.25,1.71,1.83
1758.00,94.27,2.62,1.05,2.18,1.94,1.71,6.88,0.21,43.71,17.30,1.22,1.23,1.71,1.83
1760.00,94.24,2.63,1.05,2.18,1.94,1.71,6.92,0.21,43.69,17.51,1.21,1.22,1.71,1.83
1762.00,94.21,2.55,1.05,2.18,1.95,1.71,6.77,0.21,43.81,16.46,1.22,1.23,1.71,1.83
1764.00,94.17,2.58,1.05,2.18,1.95,1.71,6.84,0.21,43.75,16.93,1.22,1.23,1.71,1.83
1766.00,94.14,2.56,1.05,2.18,1.95,1.71,6.81,0.21,43.79,16.64,1.22,1.23,1.71,1.83
1768.00,94.11,2.62,1.05,2.18,1.95,1.71,6.93,0.21,43.70,17.46,1.22,1.23,1.71,1.83
1770.00,94.07,2.44,1.05,2.18,1.95,1.71,6.62,0.21,43.93,15.30,1.23,1.24,1.71,1.83
1772.00,94.04,2.58,1.05,2.18,1.95,1.72,6.87,0.21,43.75,17.00,1.22,1.23,1.72,1.83
1774.00,94.01,2.57,1.05,2.18,1.95,1.72,6.86,0.21,43.76,16.89,1.22,1.23,1.72,1.83
1776.00,93.97,2.45,1.05,2.18,1.95,1.72,6.65,0.21,43.92,15.45,1.23,1.24,1.72,1.83
1778.00,93.94,2.69,1.05,2.18,1.95,1.72,7.10,0.21,43.58,18.52,1.21,1.22,1.72,1.83
1780.00,93.91,2.45,1.05,2.18,1.95,1.72,6.66,0.21,43.92,15.43,1.23,1.24,1.72,1.83
1782.00,93.87,2.35,1.05,2.18,1.95,1.72,6.48,0.21,44.05,14.27,1.24,1.25,1.72,1.83
1784.00,93.84,2.36,1.05,2.18,1.95,1.72,6.52,0.21,44.02,14.48,1.24,1.25,1.72,1.83
1786.00,93.81,2.41,1.05,2.18,1.95,1.72,6.62,0.21,43.96,15.10,1.24,1.25,1.72,1.83
1788.00,93.77,2.55,1.05,2.18,1.95,1.72,6.88,0.21,43.77,16.81,1.22,1.23,1.72,1.83
1790.00,93.74,2.47,1.05,2.18,1.95,1.72,6.74,0.21,43.87,15.85,1.23,1.24,1.72,1.83
1792.00,93.71,2.37,1.05,2.18,1.95,1.72,6.57,0.21,44.00,14.68,1.24,1.25,1.72,1.83
1794.00,93.67,2.60,1.05,2.18,1.95,1.72,7.00,0.21,43.69,17.54,1.22,1.23,1.72,1.83
1796.00,93.64,2.63,1.05,2.18,1.95,1.72,7.05,0.21,43.65,17.87,1.22,1.23,1.72,1.83
1798.00,93.60,2.66,1.05,2.18,1.95,1.72,7.12,0.21,43.60,18.34,1.21,1.22,1.72,1.83
1800.00,93.57,2.63,1.05,2.19,1.95,1.72,7.09,0.21,43.63,18.04,1.22,1.23,1.72,1.83
1802.00,83.31,2.60,1.04,2.19,1.93,1.69,8.68,0.20,42.57,27.35,1.13,1.14,1.69,1.81
1804.00,83.05,2.68,1.04,2.19,1.93,1.69,8.91,0.20,42.37,29.08,1.11,1.12,1.69,1.81
1806.00,82.79,2.70,1.04,2.19,1.93,1.69,9.05,0.20,42.26,30.02,1.10,1.11,1.69,1.81
1808.00,82.53,2.68,1.04,2.19,1.93,1.69,9.04,0.20,42.28,29.84,1.10,1.11,1.69,1.81
1810.00,82.26,2.66,1.04,2.19,1.93,1.69,9.04,0.20,42.29,29.73,1.11,1.12,1.69,1.81
1812.00,81.99,2.67,1.04,2.19,1.93,1.69,9.13,0.20,42.22,30.34,1.10,1.11,1.69,1.81
1814.00,81.72,2.69,1.04,2.19,1.93,1.69,9.26,0.20,42.11,31.24,1.09,1.10,1.69,1.81
1816.00,81.45,2.68,1.04,2.19,1.93,1.69,9.29,0.20,42.10,31.35,1.09,1.10,1.69,1.81
1818.00,81.17,2.69,1.04,2.19,1.93,1.69,9.38,0.20,42.02,32.00,1.09,1.10,1.69,1.81
1820.00,80.90,2.72,1.04,2.19,1.93,1.69,9.51,0.20,41.91,32.94,1.08,1.09,1.69,1.81
1822.00,80.62,2.70,1.04,2.19,1.93,1.69,9.53,0.20,41.91,32.94,1.08,1.09,1.69,1.81
1824.00,80.33,2.71,1.04,2.19,1.93,1.69,9.63,0.20,41.82,33.63,1.07,1.08,1.69,1.81
1826.00,80.05,2.78,1.04,2.19,1.93,1.69,9.91,0.20,41.56,35.78,1.05,1.06,1.69,1.81
1828.00,79.76,2.56,1.04,2.19,1.93,1.69,9.36,0.20,42.12,31.18,1.09,1.10,1.69,1.81
1830.00,79.47,2.67,1.04,2.19,1.93,1.69,9.73,0.20,41.78,34.00,1.07,1.08,1.69,1.81
1832.00,79.17,2.61,1.04,2.19,1.93,1.69,9.64,0.20,41.88,33.14,1.08,1.09,1.69,1.81
1834.00,78.88,2.69,1.04,2.19,1.92,1.69,9.95,0.20,41.59,35.55,1.05,1.06,1.69,1.81
1836.00,78.58,2.72,1.04,2.19,1.92,1.69,10.11,0.20,41.44,36.76,1.04,1.05,1.69,1.81
1838.00,78.27,2.72,1.03,2.20,1.92,1.69,10.20,0.20,41.37,37.34,1.04,1.05,1.69,1.81
1840.00,77.97,2.77,1.03,2.20,1.92,1.69,10.42,0.20,41.16,39.03,1.02,1.03,1.69,1.81
1842.00,77.66,2.52,1.03,2.20,1.92,1.69,9.75,0.20,41.86,33.30,1.07,1.08,1.69,1.80
1844.00,77.35,2.62,1.03,2.20,1.92,1.68,10.14,0.20,41.49,36.33,1.05,1.06,1.68,1.80
1846.00,77.04,2.54,1.03,2.20,1.92,1.68,9.97,0.20,41.68,34.81,1.06,1.07,1.68,1.80
1848.00,76.73,2.67,1.03,2.20,1.92,1.68,10.47,0.20,41.19,38.79,1.03,1.04,1.68,1.80
1850.00,76.42,2.44,1.03,2.20,1.92,1.68,9.82,0.20,41.86,33.32,1.07,1.08,1.68,1.80
1852.00,76.10,2.70,1.03,2.20,1.92,1.68,10.73,0.20,40.95,40.68,1.01,1.02,1.68,1.80
1854.00,75.78,2.62,1.03,2.20,1.92,1.68,10.55,0.19,41.16,39.03,1.02,1.03,1.68,1.80
1856.00,75.47,2.56,1.03,2.20,1.92,1.68,10.46,0.19,41.27,38.10,1.03,1.04,1.68,1.80
1858.00,75.15,2.68,1.03,2.20,1.92,1.68,10.94,0.19,40.79,41.95,1.00,1.01,1.68,1.80
1860.00,74.83,2.65,1.03,2.20,1.92,1.68,10.92,0.19,40.83,41.62,1.00,1.01,1.68,1.80
1862.00,74.52,2.62,1.03,2.20,1.92,1.68,10.91,0.19,40.86,41.40,1.00,1.01,1.68,1.80
1864.00,74.20,2.55,1.03,2.20,1.92,1.68,10.78,0.19,41.02,40.13,1.01,1.02,1.68,1.80
1866.00,73.88,2.46,1.03,2.20,1.92,1.68,10.56,0.19,41.26,38.17,1.03,1.03,1.68,1.80
1868.00,73.57,2.59,1.03,2.20,1.92,1.68,11.10,0.19,40.71,42.55,0.99,0.99,1.68,1.80
1870.00,73.26,2.50,1.03,2.20,1.92,1.68,10.89,0.19,40.97,40.55,1.01,1.01,1.68,1.80
1872.00,72.94,2.54,1.03,2.20,1.92,1.68,11.12,0.19,40.74,42.32,0.99,0.99,1.68,1.80
1874.00,72.63,2.56,1.03,2.20,1.92,1.68,11.28,0.19,40.58,43.54,0.98,0.98,1.68,1.79
1876.00,72.33,2.58,1.03,2.20,1.92,1.67,11.46,0.19,40.41,44.89,0.97,0.97,1.67,1.79
1878.00,72.02,2.51,1.03,2.20,1.91,1.67,11.31,0.19,40.59,43.47,0.98,0.98,1.67,1.79
1880.00,71.72,2.38,1.03,2.20,1.91,1.67,10.91,0.19,41.03,40.02,1.01,1.01,1.67,1.79
1882.00,76.42,2.43,1.03,2.20,1.93,1.69,9.85,0.19,41.90,32.97,1.09,1.09,1.69,1.81
1884.00,76.13,2.58,1.03,2.20,1.93,1.69,10.42,0.19,41.36,37.44,1.05,1.05,1.69,1.81
1886.00,75.84,2.64,1.03,2.20,1.92,1.68,10.69,0.19,41.09,39.54,1.03,1.03,1.68,1.80
1888.00,75.55,2.57,1.03,2.21,1.92,1.68,10.53,0.19,41.28,38.07,1.04,1.04,1.68,1.80
1890.00,75.27,2.47,1.03,2.21,1.92,1.68,10.29,0.19,41.54,35.95,1.06,1.06,1.68,1.80
1892.00,74.99,2.54,1.03,2.21,1.92,1.68,10.61,0.19,41.24,38.40,1.04,1.04,1.68,1.80
1894.00,74.72,2.60,1.03,2.21,1.92,1.68,10.89,0.19,40.96,40.63,1.02,1.02,1.68,1.80
1896.00,74.45,2.59,1.03,2.21,1.92,1.68,10.92,0.19,40.94,40.72,1.02,1.02,1.68,1.80
1898.00,74.18,2.57,1.03,2.21,1.92,1.68,10.95,0.19,40.93,40.79,1.02,1.02,1.68,1.80
1900.00,73.92,2.59,1.03,2.21,1.92,1.68,11.07,0.19,40.82,41.72,1.01,1.01,1.68,1.80
1902.00,73.67,2.46,1.03,2.21,1.92,1.68,10.72,0.19,41.20,38.67,1.04,1.04,1.68,1.80
1904.00,73.42,2.63,1.03,2.21,1.92,1.68,11.37,0.19,40.53,43.96,0.99,0.99,1.68,1.80
1906.00,73.18,2.58,1.03,2.21,1.92,1.68,11.28,0.19,40.65,43.02,1.00,1.00,1.68,1.80
1908.00,72.94,2.65,1.03,2.21,1.92,1.68,11.62,0.19,40.29,45.79,0.97,0.97,1.68,1.80
1910.00,72.71,2.66,1.03,2.21,1.92,1.68,11.72,0.19,40.20,46.51,0.96,0.96,1.68,1.80
1912.00,72.49,2.64,1.03,2.21,1.92,1.68,11.71,0.19,40.22,46.31,0.97,0.97,1.68,1.80
1914.00,72.27,2.65,1.03,2.21,1.92,1.68,11.85,0.19,40.09,47.38,0.96,0.96,1.68,1.80
1916.00,72.05,2.62,1.03,2.21,1.92,1.68,11.79,0.19,40.18,46.68,0.96,0.96,1.68,1.80
1918.00,71.84,2.54,1.03,2.21,1.92,1.68,11.57,0.19,40.43,44.72,0.98,0.98,1.68,1.80
1920.00,71.64,2.49,1.03,2.21,1.92,1.68,11.47,0.19,40.56,43.77,0.99,0.99,1.68,1.80
1922.00,71.44,2.49,1.03,2.21,1.92,1.68,11.52,0.19,40.53,43.99,0.99,0.99,1.68,1.80
1924.00,71.25,2.48,1.03,2.21,1.92,1.68,11.55,0.19,40.50,44.19,0.99,0.99,1.68,1.80
1926.00,71.07,2.46,1.03,2.21,1.92,1.68,11.52,0.19,40.55,43.80,0.99,0.99,1.68,1.80
1928.00,70.89,2.46,1.03,2.21,1.92,1.67,11.58,0.19,40.50,44.19,0.99,0.99,1.67,1.79
1930.00,70.71,2.54,1.03,2.21,1.92,1.67,11.98,0.19,40.08,47.45,0.96,0.96,1.67,1.79
1932.00,70.54,2.51,1.03,2.21,1.92,1.67,11.92,0.19,40.15,46.86,0.96,0.96,1.67,1.79
1934.00,70.38,2.47,1.03,2.21,1.92,1.67,11.80,0.19,40.30,45.75,0.97,0.97,1.67,1.79
1936.00,70.22,2.56,1.03,2.21,1.92,1.67,12.20,0.19,39.86,49.05,0.94,0.94,1.67,1.79
1938.00,70.07,2.56,1.03,2.21,1.92,1.67,12.27,0.19,39.80,49.51,0.94,0.94,1.67,1.79
1940.00,69.92,2.51,1.03,2.21,1.92,1.67,12.13,0.19,39.97,48.24,0.95,0.95,1.67,1.79
1942.00,69.77,2.45,1.03,2.21,1.92,1.67,11.96,0.19,40.18,46.64,0.97,0.97,1.67,1.79
1944.00,69.63,2.36,1.03,2.21,1.92,1.67,11.65,0.19,40.53,43.99,0.99,0.99,1.67,1.79
1946.00,69.50,2.45,1.03,2.21,1.92,1.67,12.06,0.19,40.10,47.28,0.96,0.96,1.67,1.79
1948.00,69.37,2.51,1.03,2.22,1.92,1.67,12.34,0.19,39.79,49.59,0.94,0.94,1.67,1.79
1950.00,69.25,2.55,1.03,2.22,1.92,1.67,12.54,0.19,39.57,51.24,0.92,0.92,1.67,1.79
1952.00,69.13,2.59,1.03,2.22,1.92,1.67,12.74,0.19,39.35,52.84,0.91,0.91,1.67,1.79
1954.00,69.01,2.52,1.03,2.22,1.92,1.67,12.50,0.18,39.65,50.65,0.93,0.93,1.67,1.79
1956.00,68.90,2.63,1.03,2.22,1.92,1.67,13.00,0.18,39.06,54.96,0.89,0.89,1.67,1.79
1958.00,68.79,2.60,1.03,2.22,1.92,1.67,12.93,0.18,39.17,54.22,0.90,0.90,1.67,1.79
1960.00,68.69,2.62,1.03,2.22,1.92,1.67,13.04,0.18,39.05,55.05,0.89,0.89,1.67,1.79
1962.00,68.59,2.51,1.03,2.22,1.91,1.67,12.64,0.18,39.54,51.48,0.92,0.92,1.67,1.79
1964.00,68.49,2.67,1.03,2.22,1.91,1.67,13.37,0.18,38.68,57.73,0.86,0.86,1.67,1.79
1966.00,68.40,2.65,1.03,2.22,1.91,1.67,13.30,0.18,38.78,57.01,0.87,0.87,1.67,1.79
1968.00,68.31,2.62,1.03,2.22,1.91,1.67,13.22,0.18,38.88,56.27,0.88,0.88,1.67,1.79
1970.00,68.23,2.63,1.03,2.22,1.92,1.67,13.30,0.18,38.79,56.90,0.87,0.87,1.67,1.79
1972.00,68.14,2.44,1.03,2.22,1.92,1.67,12.54,0.18,39.71,50.18,0.94,0.94,1.67,1.79
1974.00,68.06,2.56,1.03,2.22,1.92,1.67,13.07,0.18,39.10,54.70,0.89,0.89,1.67,1.79
1976.00,67.99,2.66,1.03,2.22,1.92,1.67,13.54,0.18,38.54,58.72,0.85,0.85,1.67,1.79
1978.00,67.92,2.60,1.03,2.22,1.92,1.67,13.32,0.18,38.83,56.66,0.88,0.88,1.67,1.79
1980.00,67.85,2.66,1.03,2.22,1.92,1.67,13.60,0.18,38.49,59.07,0.85,0.85,1.67,1.79
1982.00,67.78,2.64,1.03,2.22,1.92,1.67,13.55,0.18,38.57,58.51,0.86,0.86,1.67,1.79
1984.00,67.71,2.59,1.03,2.22,1.92,1.67,13.35,0.18,38.83,56.67,0.88,0.88,1.67,1.79
1986.00,67.65,2.53,1.03,2.22,1.92,1.67,13.14,0.18,39.09,54.79,0.90,0.90,1.67,1.79
1988.00,67.59,2.36,1.03,2.22,1.92,1.67,12.45,0.18,39.89,48.86,0.95,0.95,1.67,1.79
1990.00,67.53,2.51,1.03,2.22,1.92,1.67,13.09,0.18,39.16,54.22,0.90,0.90,1.67,1.79
1992.00,67.48,2.33,1.03,2.22,1.92,1.67,12.37,0.18,40.00,48.06,0.96,0.96,1.67,1.79
1994.00,67.43,2.54,1.03,2.22,1.92,1.67,13.27,0.18,38.97,55.65,0.89,0.89,1.67,1.79
1996.00,67.38,2.63,1.03,2.22,1.92,1.67,13.71,0.18,38.44,59.43,0.85,0.85,1.67,1.79
1998.00,67.33,2.54,1.03,2.22,1.92,1.67,13.32,0.18,38.93,55.90,0.89,0.89,1.67,1.79
2000.00,67.28,2.68,1.03,2.22,1.92,1.67,13.97,0.18,38.13,61.58,0.83,0.83,1.67,1.79
2002.00,67.28,2.60,1.03,2.22,1.92,1.67,13.62,0.18,38.58,58.46,0.86,0.86,1.67,1.79
2004.00,67.28,2.52,1.03,2.23,1.92,1.67,13.28,0.18,39.00,55.39,0.90,0.90,1.67,1.79
2006.00,67.28,2.68,1.03,2.23,1.92,1.67,13.97,0.18,38.16,61.37,0.84,0.84,1.67,1.79
2008.00,67.28,2.69,1.03,2.23,1.92,1.67,14.05,0.18,38.06,62.05,0.83,0.83,1.67,1.79
2010.00,67.28,2.56,1.03,2.23,1.92,1.67,13.47,0.18,38.80,56.88,0.88,0.88,1.67,1.79
2012.00,67.28,2.63,1.03,2.23,1.92,1.67,13.80,0.18,38.39,59.73,0.86,0.86,1.67,1.79
2014.00,67.28,2.57,1.03,2.23,1.92,1.67,13.53,0.18,38.73,57.35,0.88,0.88,1.67,1.79
2016.00,67.28,2.62,1.03,2.23,1.92,1.67,13.74,0.18,38.48,59.13,0.86,0.86,1.67,1.79
2018.00,67.28,2.54,1.03,2.23,1.92,1.67,13.42,0.18,38.88,56.26,0.89,0.89,1.67,1.79
2020.00,67.28,2.02,1.03,2.23,1.92,1.67,11.13,0.18,41.35,37.50,1.06,1.06,1.67,1.79
2022.00,67.28,2.50,1.03,2.23,1.92,1.67,13.26,0.18,39.08,54.83,0.91,0.91,1.67,1.79
2024.00,67.28,2.28,1.03,2.23,1.92,1.67,12.27,0.18,40.21,46.44,0.99,0.99,1.67,1.79
2026.00,67.28,2.53,1.03,2.23,1.92,1.67,13.37,0.18,38.97,55.64,0.90,0.90,1.67,1.79
2028.00,67.28,2.64,1.03,2.23,1.92,1.67,13.88,0.18,38.35,60.07,0.86,0.86,1.67,1.79
2030.00,67.28,2.62,1.03,2.23,1.92,1.67,13.77,0.18,38.49,59.05,0.87,0.87,1.67,1.79
2032.00,67.28,2.58,1.03,2.23,1.92,1.67,13.62,0.18,38.69,57.67,0.88,0.88,1.67,1.79
2034.00,67.28,2.67,1.03,2.23,1.92,1.67,14.04,0.18,38.17,61.29,0.85,0.85,1.67,1.79
2036.00,67.28,2.43,1.03,2.23,1.92,1.67,12.98,0.18,39.45,52.14,0.94,0.94,1.67,1.79
2038.00,67.28,2.62,1.03,2.23,1.92,1.67,13.81,0.18,38.47,59.21,0.87,0.87,1.67,1.79
2040.00,67.28,2.60,1.03,2.23,1.92,1.67,13.74,0.18,38.56,58.55,0.88,0.88,1.67,1.79
2042.00,67.28,2.62,1.03,2.23,1.92,1.67,13.84,0.18,38.46,59.30,0.87,0.87,1.67,1.79
2044.00,67.28,2.50,1.03,2.23,1.92,1.67,13.30,0.18,39.11,54.61,0.92,0.92,1.67,1.79
2046.00,67.28,2.42,1.03,2.23,1.92,1.67,12.94,0.18,39.53,51.53,0.95,0.95,1.67,1.79
2048.00,67.28,2.56,1.03,2.23,1.92,1.67,13.59,0.18,38.77,57.06,0.89,0.89,1.67,1.79
2050.00,67.28,2.59,1.03,2.23,1.92,1.67,13.70,0.18,38.65,57.94,0.89,0.89,1.67,1.79
2052.00,67.28,2.62,1.03,2.23,1.92,1.67,13.87,0.18,38.45,59.36,0.87,0.87,1.67,1.79
2054.00,67.28,2.65,1.03,2.23,1.92,1.67,14.00,0.18,38.29,60.43,0.86,0.86,1.67,1.79
2056.00,67.28,2.66,1.03,2.23,1.92,1.67,14.06,0.18,38.23,60.91,0.86,0.86,1.67,1.79
2058.00,67.28,2.74,1.03,2.23,1.92,1.67,14.38,0.18,37.83,63.63,0.83,0.83,1.67,1.80
2060.00,67.28,2.65,1.03,2.23,1.92,1.67,14.03,0.18,38.28,60.51,0.86,0.86,1.67,1.80
2062.00,67.28,2.71,1.03,2.23,1.92,1.67,14.27,0.18,37.98,62.59,0.84,0.84,1.67,1.80
2064.00,67.28,2.71,1.03,2.24,1.92,1.68,14.27,0.18,38.00,62.48,0.85,0.85,1.68,1.80
2066.00,67.28,2.41,1.03,2.24,1.92,1.68,12.98,0.18,39.54,51.43,0.95,0.95,1.68,1.80
2068.00,67.28,2.46,1.03,2.24,1.92,1.68,13.19,0.18,39.32,53.12,0.94,0.94,1.68,1.80
2070.00,67.28,2.59,1.03,2.24,1.92,1.68,13.79,0.18,38.61,58.22,0.89,0.89,1.68,1.80
2072.00,67.28,2.56,1.03,2.24,1.92,1.68,13.67,0.18,38.76,57.11,0.90,0.90,1.68,1.80
2074.00,67.28,2.50,1.03,2.24,1.92,1.68,13.38,0.18,39.11,54.60,0.93,0.93,1.68,1.80
2076.00,67.28,2.64,1.03,2.24,1.92,1.68,13.99,0.18,38.39,59.79,0.88,0.88,1.68,1.80
2078.00,67.28,2.51,1.03,2.24,1.92,1.68,13.43,0.18,39.06,54.97,0.92,0.92,1.68,1.80
2080.00,67.28,2.56,1.03,2.24,1.92,1.68,13.67,0.18,38.79,56.92,0.91,0.91,1.68,1.80
2082.00,67.28,2.67,1.03,2.24,1.92,1.68,14.18,0.18,38.17,61.28,0.86,0.86,1.68,1.80
2084.00,67.28,2.59,1.03,2.24,1.92,1.68,13.81,0.18,38.64,58.01,0.90,0.90,1.68,1.80
2086.00,67.28,2.54,1.03,2.24,1.92,1.68,13.61,0.18,38.88,56.30,0.91,0.91,1.68,1.80
2088.00,67.29,2.57,1.03,2.24,1.92,1.68,13.72,0.18,38.75,57.22,0.91,0.91,1.68,1.80
2090.00,67.29,2.47,1.03,2.24,1.92,1.68,13.27,0.18,39.28,53.37,0.94,0.94,1.68,1.80
2092.00,67.29,2.50,1.03,2.24,1.92,1.68,13.42,0.18,39.12,54.52,0.93,0.93,1.68,1.80
2094.00,67.29,2.67,1.03,2.24,1.92,1.68,14.19,0.18,38.20,61.08,0.87,0.87,1.68,1.80
2096.00,67.29,2.67,1.03,2.24,1.93,1.68,14.20,0.18,38.20,61.12,0.87,0.87,1.68,1.80
2098.00,67.29,2.68,1.03,2.24,1.93,1.68,14.24,0.18,38.15,61.43,0.87,0.87,1.68,1.80
2100.00,67.29,2.65,1.03,2.24,1.93,1.68,14.11,0.18,38.32,60.24,0.88,0.88,1.68,1.80
2102.00,67.29,2.67,1.03,2.24,1.93,1.68,14.21,0.18,38.20,61.09,0.87,0.87,1.68,1.80
2104.00,67.29,2.62,1.03,2.24,1.93,1.68,13.98,0.18,38.49,59.05,0.89,0.89,1.68,1.80
2106.00,67.29,2.70,1.03,2.24,1.93,1.68,14.37,0.18,38.02,62.35,0.86,0.86,1.68,1.80
2108.00,67.29,2.66,1.03,2.24,1.93,1.68,14.17,0.18,38.28,60.55,0.88,0.88,1.68,1.80
2110.00,67.29,2.65,1.03,2.24,1.93,1.68,14.13,0.18,38.33,60.19,0.88,0.88,1.68,1.80
2112.00,67.29,2.66,1.03,2.24,1.93,1.68,14.19,0.18,38.26,60.64,0.88,0.88,1.68,1.80
2114.00,67.29,2.68,1.03,2.24,1.93,1.68,14.29,0.18,38.15,61.45,0.87,0.87,1.68,1.80
2116.00,67.29,2.64,1.03,2.24,1.93,1.68,14.12,0.18,38.37,59.87,0.89,0.89,1.68,1.80
2118.00,67.29,2.61,1.03,2.24,1.93,1.68,13.97,0.18,38.55,58.62,0.90,0.90,1.68,1.80
2120.00,67.29,2.56,1.03,2.25,1.93,1.68,13.79,0.18,38.78,56.97,0.92,0.92,1.68,1.80
2122.00,67.29,2.65,1.03,2.25,1.93,1.68,14.21,0.18,38.28,60.52,0.89,0.89,1.68,1.80
2124.00,67.29,2.63,1.03,2.25,1.93,1.68,14.11,0.18,38.40,59.66,0.89,0.89,1.68,1.80
2126.00,67.29,2.63,1.03,2.25,1.93,1.68,14.11,0.18,38.42,59.55,0.90,0.90,1.68,1.80
2128.00,67.29,2.71,1.03,2.25,1.93,1.68,14.48,0.18,37.97,62.70,0.87,0.87,1.68,1.80
2130.00,67.29,2.69,1.03,2.25,1.93,1.68,14.37,0.18,38.11,61.71,0.88,0.88,1.68,1.80
2132.00,67.29,2.63,1.03,2.25,1.93,1.68,14.14,0.18,38.40,59.67,0.90,0.90,1.68,1.80
2134.00,67.29,2.57,1.03,2.25,1.93,1.68,13.88,0.18,38.71,57.47,0.92,0.92,1.68,1.80
2136.00,67.29,2.57,1.03,2.25,1.93,1.68,13.86,0.18,38.75,57.23,0.92,0.92,1.68,1.80
2138.00,67.29,2.55,1.03,2.25,1.93,1.68,13.77,0.18,38.86,56.41,0.93,0.93,1.68,1.80
2140.00,67.29,2.58,1.03,2.25,1.93,1.68,13.94,0.18,38.67,57.79,0.92,0.92,1.68,1.80
2142.00,67.29,2.69,1.04,2.25,1.93,1.68,14.41,0.18,38.11,61.73,0.88,0.88,1.68,1.80
2144.00,67.29,2.56,1.04,2.25,1.93,1.68,13.85,0.18,38.78,56.98,0.93,0.93,1.68,1.80
2146.00,67.29,2.62,1.04,2.25,1.93,1.68,14.11,0.18,38.49,59.07,0.91,0.91,1.68,1.80
2148.00,67.29,2.65,1.04,2.25,1.93,1.68,14.28,0.18,38.29,60.48,0.89,0.89,1.68,1.80
2150.00,67.29,2.64,1.04,2.25,1.93,1.68,14.20,0.18,38.38,59.81,0.90,0.90,1.68,1.80
2152.00,67.29,2.62,1.04,2.25,1.93,1.68,14.12,0.18,38.49,59.05,0.91,0.91,1.68,1.80
2154.00,67.29,2.67,1.04,2.25,1.93,1.68,14.38,0.18,38.18,61.22,0.89,0.89,1.68,1.80
2156.00,67.29,2.67,1.04,2.25,1.93,1.68,14.36,0.18,38.22,60.95,0.89,0.89,1.68,1.80
2158.00,67.29,2.61,1.04,2.25,1.93,1.68,14.13,0.18,38.50,58.97,0.91,0.91,1.68,1.80
2160.00,67.29,2.64,1.04,2.25,1.93,1.68,14.24,0.18,38.38,59.86,0.90,0.90,1.68,1.80
2162.00,67.29,2.58,1.04,2.25,1.93,1.68,13.99,0.18,38.68,57.68,0.93,0.93,1.68,1.80
2164.00,67.29,2.56,1.04,2.25,1.93,1.68,13.92,0.18,38.77,57.06,0.93,0.93,1.68,1.80
2166.00,67.29,2.59,1.04,2.25,1.93,1.68,14.06,0.18,38.61,58.20,0.92,0.92,1.68,1.81
