depth,a,b,c
1,40,8.83,0.92
2,21,0.44,0.92
3,53,6.87,0.86
4,78,1.4,0.9
5,58,9.16,0.73
6,25,1.13,0.07
7,93,7.21,0.39
8,44,4.74,0.77
9,83,1.26,0.58
10,1,4.45,0.94
11,29,9.75,0.52
12,18,7.91,0.04
13,62,7.99,0.48
14,93,6.9,0.69
15,16,7.31,0.43
16,31,5.01,0.53
17,11,1.8,0.88
18,19,8.04,0.62
19,63,7.39,0.12
20,49,8.03,0.77
21,66,1.14,0.29
22,18,8.46,0.05
23,91,0.71,0.67
24,37,8.84,0.12
25,8,8.1,0.94
26,62,4.49,0.44
27,17,6.36,0.52
28,75,1.23,0.3
29,57,7.12,0.57
30,86,4.73,0.39
31,79,5.08,0.49
32,42,2.05,0.99
33,67,4.96,0.97
34,19,9.86,0.37
35,29,1.3,0.89
36,4,6.51,0.1
37,2,1.09,0.35
38,80,3.89,0.7
39,22,5.69,0.97
40,19,3.98,0.08
41,55,1.62,0
42,49,0.82,0.63
43,65,5.78,0.85
44,35,6.12,0.38
45,27,0.95,0.83
46,5,8.19,0.74
47,95,7.07,0.5
48,9,5.5,0.59
49,65,7.44,0.43
50,16,5.77,0.24
51,88,8.23,0.23
52,0,1.23,0.26
53,9,8.23,0.15
54,1,2.35,0.56
55,35,8.26,0.02
56,57,3.47,0.5
57,93,7.19,0.8
58,14,5.79,0.4
59,10,3.03,0.33
60,54,4.42,0.94
61,47,6.97,0.07
62,17,7.76,0.1
63,19,5.87,0.89
64,44,2.98,0.21
65,63,2.33,0.77
66,42,3.25,0.75
67,18,0.45,0.56
68,100,6.87,0.19
69,99,8.57,0.49
70,36,7.54,0.35
71,82,9.74,0.01
72,2,2.37,0.18
73,10,1.96,0.44
74,42,9.29,0.28
75,99,1.96,0.78
76,89,1.61,0.94
77,35,1.07,0.49
78,54,8.88,0.48
79,95,3.21,0.25
80,68,0.76,0.74
81,89,9.48,0.95
82,33,8.46,0.57
83,40,0.22,0.18
84,17,6.06,0.05
85,96,1.11,0.42
86,5,9.62,1
87,23,3.16,0.28
88,87,6.68,0.56
89,57,6.76,0.04
90,53,6.78,0.07
91,85,9.98,0.67
92,39,1.52,0.67
93,53,7.88,0.18
94,30,4.44,0.2
95,89,2.59,0.77
96,46,4.6,0.9
97,78,0.25,0.23
98,32,0.21,0.91
99,12,0.15,0.49
100,39,3.32,0.28
101,65,3.4,0.67
102,3,0.66,0.9
103,76,1.29,0.15
104,35,1.92,0.51
105,93,0.21,0.18
106,62,3.47,0.24
107,10,9.2,0.21
108,74,3.38,0.22
109,89,2.69,0.38
110,89,9.35,0.02
111,97,2.54,0.74
112,78,8.41,0.46
113,47,0.76,0
114,73,6.8,0.2
115,65,3.75,0.83
116,69,8,0.61
117,44,6.49,0.79
118,53,1.6,0.48
119,12,0.62,0.07
120,48,7.63,0.67
121,27,9.46,0.24
122,68,0.74,0.35
123,24,0.78,0.16
124,7,6.81,0.81
125,54,2.86,0.92
126,38,2.08,0.31
127,79,9.03,0.76
128,31,6.27,0.48
129,88,5.48,0.17
130,37,7.64,0.04
131,40,6.34,0.41
132,58,2.23,0.8
133,16,4.11,0.97
134,31,7.46,0.27
135,32,6.36,0.55
136,42,1.15,0.09
137,89,6.1,0.24
138,37,2.27,0.53
139,31,1.8,0.27
140,100,9.72,0.21
141,11,1.23,0.4
142,80,8.7,0.12
143,56,1.01,0.05
144,31,1.68,0.87
145,41,3.75,0.94
146,28,3.77,0.33
147,33,9.51,0.22
148,45,0.02,0.91
149,24,0.44,0.47
150,30,8.1,0.62
151,81,5.73,0.52
152,3,7.02,0.72
153,89,2.36,0.2
154,67,2.39,0.12
155,50,5,0.21
156,95,6.92,0.85
157,6,6.04,0.52
158,51,6.03,1
159,93,3.57,0.85
160,37,8.19,0.66
161,6,3,0.61
162,87,2.69,0.61
163,86,0.74,0.79
164,75,8.2,0.88
165,67,7.54,0.55
166,61,2.42,0.42
167,37,2.74,0.09
168,3,4.43,0.07
169,99,0.83,0.49
170,92,9.47,0.9
171,76,8.95,0.81
172,89,7.72,0.37
173,2,3.06,0.96
174,87,5,0.77
175,44,1.07,0.46
176,69,7.96,0.72
177,42,9.55,0.8
178,8,0.73,0.6
179,90,5.66,0.34
180,64,3.31,0.81
181,67,6.05,0.57
182,5,9.8,0.89
183,67,6.25,0.39
184,85,7.5,0.6
185,74,7.7,0.34
186,87,3.78,0.61
187,5,2.22,0.45
188,66,2.45,0.94
189,77,5.85,0.8
190,53,1.23,0.21
191,48,0.53,0.93
192,65,1.21,0.46
193,61,2.2,0.43
194,3,6.39,0.89
195,8,8,0.99
196,3,1.07,0.98
197,93,4.29,0.41
198,91,9.68,0.83
199,24,5.56,0.88
200,63,1.75,0.49
201,62,2.08,0.79
202,83,7.23,0.18
203,72,8.05,0.74
204,78,1.52,0.26
205,14,8.98,0.71
206,3,9.66,0.87
207,82,2.77,0.48
208,70,0.54,0.11
209,25,5.44,0.58
210,86,2.1,0.81
211,13,9.12,0.31
212,13,7.54,0.39
213,58,0.01,0.06
214,70,9.18,0.2
215,26,3.7,0.87
216,17,4.67,0.25
217,17,3.07,0.06
218,11,1.6,0.69
219,65,7.9,0.12
220,18,4.76,0.43
221,24,9.05,0.2
222,1,7.18,0.09
223,43,3.52,0.96
224,10,4.22,0.66
225,59,2.36,0.6
226,43,6.06,0.25
227,70,9.19,0.18
228,28,2.18,0.92
229,22,5.93,0.51
230,28,5.02,0.19
231,44,6.95,0.64
232,67,0.7,0.19
233,27,7.49,0.95
234,68,6.53,0.01
235,50,4.94,0.12
236,90,4.87,0.79
237,68,7.28,0.34
238,14,0.35,0.68
239,63,2.94,0.53
240,97,6.59,0.09
241,5,3.56,0.36
242,33,1.79,0.85
243,91,9.2,0.1
244,13,8.33,0.32
245,22,8.67,0.35
246,64,3.75,0.81
247,77,2.69,0.55
248,39,2.56,0.81
249,7,4.33,0.95
250,70,2.61,0.86
251,10,9.15,0.57
252,47,3.47,0.97
253,19,5.05,0.63
254,93,0.48,0.02
255,91,8.57,0.64
256,61,5.62,0.51
257,38,5.24,0.79
258,38,8.93,0.19
259,67,2.98,0.67
260,62,3.72,0.68
261,74,8.99,0.37
262,30,2.23,0.55
263,7,6.53,0.46
264,15,9.71,0.24
265,43,6.79,0.64
266,29,9.59,0.02
267,63,8.16,0.16
268,36,9.23,0.73
269,72,3.98,0.13
270,5,4.04,0.97
271,16,1.45,0.33
272,77,3.19,0.67
273,27,2.89,0.7
274,10,5.61,0.75
275,23,9.8,0.37
276,3,9.5,0.87
277,90,7.85,0.97
278,43,2.24,0.39
279,59,0.72,0.53
280,60,0.97,0.31
281,0,4.32,0.15
282,71,4.59,0.41
283,39,2.98,0.19
284,35,2.22,0.3
285,6,4.16,0.14
286,77,1.77,0.49
287,44,3.14,0.15
288,20,6.84,0.35
289,13,6.02,0.45
290,1,5.87,0.36
291,3,5.57,0.9
292,54,9.72,0.68
293,81,6.52,0.19
294,88,9.45,0.49
295,4,3.44,0.85
296,31,1.17,0.09
297,49,0.42,0.94
298,1,1.86,0.16
299,82,8.52,0.04
300,84,1.46,0.89
301,64,6.58,0.89
302,48,5.88,0.75
303,61,1.79,0.88
304,55,3.81,0.41
305,61,0.83,0.65
306,97,4.66,0.07
307,49,4.72,0.19
308,25,9.35,0.78
309,64,2.9,0.53
310,68,0.86,0.73
311,91,5.26,0.83
312,12,9.97,0.9
313,13,4.36,0.28
314,1,3.07,0.73
315,53,7.51,0.38
316,91,5.78,0.68
317,55,3.41,0.31
318,75,1.35,0.3
319,9,6.95,0.07
320,33,1.94,0.69
321,71,3.44,0.44
322,6,9.37,0.21
323,98,9.39,0.79
324,73,2.38,0.79
325,35,9.3,0.6
326,5,8.98,0.18
327,65,7.54,0.62
328,2,6.22,0.11
329,41,1.57,0.29
330,57,5.15,0.21
331,34,6.61,0.58
332,6,4.74,0.68
333,90,3.89,0.65
334,1,4,0.94
335,32,2.74,0.65
336,99,3.53,0.4
337,73,4.46,0.51
338,1,6.88,0.35
339,11,8.43,0.27
340,58,8.35,0.93
341,17,5.86,0.53
342,19,4.49,0.5
343,27,8.52,0.58
344,88,9.62,0.34
345,0,1.26,0.34
346,12,0.06,0.09
347,43,3.28,0.52
348,56,6.62,0.44
349,76,1.07,0.22
350,29,9.16,0.14
351,53,8.66,0.91
352,62,0.17,0.67
353,17,7.57,0.75
354,15,9.85,0.98
355,74,5.98,0.53
356,10,1.4,0.77
357,4,7.28,0.26
358,15,3.71,0.38
359,21,0.32,0.13
360,10,5.63,0.72
361,61,8.99,0.19
362,74,0.65,0.16
363,50,7,0.64
364,9,3.01,0.7
365,79,7.71,0.51
366,75,9.02,0.97
367,94,8.66,0.17
368,52,0.26,0.62
369,16,0.47,0.41
370,54,1.1,0.53
371,94,7.57,0.07
372,88,1.25,0.4
373,14,7.23,0.84
374,83,3.53,0.45
375,96,7.07,0.88
376,16,7.42,0.48
377,45,1.07,0.39
378,76,0.93,0.8
379,84,6.46,0.45
380,54,9.34,0.38
381,29,5.42,0.27
382,40,3.96,0.96
383,77,6.19,0.96
384,59,3.76,0.11
385,85,0.67,0.64
386,97,0.49,0.26
387,84,3.07,0.22
388,58,1.47,0.85
389,36,2.03,0.58
390,91,1.6,0.62
391,10,0.66,0.32
392,21,0.17,0.24
393,80,0.18,0.43
394,20,3.47,0.58
395,72,5.5,0.51
396,68,8.54,0.23
397,34,7.15,0.19
398,90,2.3,0.48
399,48,9.27,0.17
400,5,7.55,0.73
401,58,4.54,0.38
402,12,4.81,0.97
403,63,7.22,0.67
404,34,0.08,0.44
405,12,1.07,0.36
406,9,2.43,0.88
407,63,3.78,0.76
408,92,9.28,0.94
409,81,9.86,0.54
410,93,7.52,0.05
411,18,3.61,0.34
412,97,1.79,0.49
413,15,0.69,0.93
414,3,7.5,0.35
415,95,3.99,0.68
416,22,9.72,0.7
417,70,5.31,0.81
418,72,5.86,0.55
419,44,7.33,0.5
420,8,2.59,0.71
421,63,1.77,0.85
422,85,6.23,0.69
423,5,7.3,0.84
424,31,9.14,0.76
425,1,6.72,0.28
426,29,0.36,0.68
427,80,6.57,0.8
428,5,8.49,0.87
429,67,6.34,0.48
430,32,7.25,0.81
431,29,2.34,0.43
432,40,7.35,0.08
433,6,0.17,0.23
434,78,5.14,0.75
435,31,2.79,0.96
436,57,7.85,0.45
437,10,3.59,0.73
438,1,8.15,0.95
439,65,9.87,0.68
440,49,6.76,0.36
441,65,8.92,0.33
442,55,8.39,0.78
443,31,0.87,0.74
444,68,8.76,0.78
445,89,8.22,0.79
446,54,1.42,0.23
447,14,9.55,0.7
448,36,2.06,0.1
449,51,9.25,0.18
450,59,5.09,0.73
451,94,4.1,0.12
452,71,3.32,0.7
453,97,3.74,0.12
454,19,4.81,0.07
455,66,5.1,0.32
456,5,8.55,0.53
457,78,0.8,0.93
458,63,7.33,0.88
459,11,8.16,0.53
460,22,6.29,0.16
461,62,6.38,0.6
462,100,0.28,0.58
463,6,4.93,0.1
464,26,8.91,0.72
465,64,1.68,0.54
466,62,1,0.63
467,21,4.47,0.1
468,55,7.6,0.14
469,8,3.9,0.44
470,11,4.65,0.37
471,42,9.14,0.13
472,9,6.85,0.64
473,51,0.09,0.39
474,59,6.82,0.69
475,0,7.51,0.29
476,28,0.34,0.26
477,67,3.62,0.9
478,28,5.88,0
479,50,6.39,0.42
480,62,5.77,0.1
481,60,9.08,0.73
482,59,5.03,0.31
483,61,4.17,0.05
484,70,1.61,0.5
485,89,5.98,0.88
486,8,8.9,0.3
487,40,9.85,0.36
488,29,5.55,0.18
489,98,7.75,0.28
490,39,2.44,0.4
491,77,8.52,0.8
492,18,3.79,0.42
493,90,6.65,0.95
494,42,2.85,0.67
495,86,4.42,0.69
496,54,0.28,0.36
497,65,7.16,0.22
498,16,4.45,0.14
499,68,2.26,0.86
500,16,4.46,0.77
501,69,0.42,0.12
502,91,1.69,0.57
503,35,5.97,0.93
504,92,8.62,0.97
505,63,6.64,0.35
506,90,8.19,0.74
507,15,1.17,0.55
508,60,7.18,0.94
509,82,8.81,0.37
510,38,7.25,0.77
511,68,6.55,0.6
512,26,0.54,0.69
513,26,0.39,0.72
514,64,5.43,0.37
515,52,0.42,0.48
516,95,6.47,0.45
517,75,5.07,0.77
518,73,4.08,0.08
519,77,9.52,0.22
520,50,4.35,0.32
521,9,3.51,0.99
522,32,4.23,0.48
523,72,9.24,0.88
524,52,1.31,0.65
525,80,7.48,0.24
526,36,7.27,0.29
527,61,2.13,0.84
528,8,2.11,0.64
529,77,2.61,1
530,13,0.95,0.82
531,8,3.46,0.99
532,27,5.91,0.23
533,43,5.09,0.42
534,64,9.6,0.6
535,44,0.64,0.31
536,91,1.95,0.75
537,85,0.98,0.02
538,68,2.03,0.18
539,34,7.27,0.64
540,95,6.09,0.1
541,93,1.15,0.65
542,30,7.8,0.41
543,16,6.09,0.9
544,45,9.48,0.11
545,90,1.29,0.89
546,14,5.58,0.51
547,97,2.2,0.69
548,32,0.75,0.37
549,41,9.29,0.07
550,84,6.65,0.85
551,54,8.66,0.92
552,10,4.21,0.99
553,37,8.49,0.34
554,43,8.19,0.65
555,40,9.44,0.14
556,4,1.68,0.64
557,7,2.33,0.16
558,18,7.8,0.28
559,54,9.37,0.5
560,5,2.95,0.4
561,7,0.66,0.56
562,35,7.99,0.23
563,38,8.86,0.89
564,92,7.43,0.4
565,40,8.74,0.68
566,66,7.69,0.01
567,11,7.51,0.41
568,46,1.89,0.51
569,48,5.09,0.17
570,52,5.71,0.18
571,67,9.53,0.69
572,69,9.88,0.86
573,95,8.23,0.19
574,97,7.42,0.07
575,21,3.85,0.3
576,7,3.51,0.58
577,20,6.49,0.23
578,90,3.68,0.19
579,55,0.04,0.27
580,39,6.89,0.89
581,43,5.45,0.05
582,1,5.19,0.92
583,90,8.61,0.85
584,80,8.36,0.82
585,60,8.46,0.34
586,70,5.95,0.02
587,96,5.18,0.13
588,57,2.44,0.35
589,21,6.81,0.58
590,11,0.21,0.11
591,3,7.3,0.03
592,99,5.95,0.2
593,8,9.25,0.17
594,9,5.35,0.78
595,59,5.72,0.91
596,30,9.81,0.37
597,45,3.21,0.88
598,64,0.31,0.41
599,46,6.06,0.97
600,37,7.22,0.2
601,56,3.39,0.76
602,55,3.03,0.53
603,63,0.93,0.18
604,72,9.93,0.37
605,18,3.54,0.72
606,54,5.12,0.48
607,92,5.13,0.69
608,54,1.8,0.81
609,57,0.05,0.29
610,62,5,0.97
611,38,2.62,0.66
612,72,7.5,1
613,42,4,0.67
614,30,3.3,0.19
615,92,1.24,0.22
616,25,2.5,0.77
617,44,3.22,0.91
618,74,4.12,0.01
619,50,7.16,0.36
620,93,5.67,0.97
621,12,0.67,0.67
622,73,8.76,0.94
623,31,7.69,0.9
624,54,1.03,0.61
625,41,2.33,0.19
626,84,6.79,0.05
627,71,8.98,0.73
628,58,3.39,0.92
629,80,4.02,0.01
630,63,4.5,0.34
631,48,5.23,0.66
632,66,0.28,0.81
633,83,2.12,0.66
634,59,6.16,0.82
635,41,2.95,0.14
636,35,0.06,0.07
637,96,5.39,0.43
638,38,2.49,0.88
639,33,9.07,0.48
640,70,2.53,0.88
641,14,1.46,0.83
642,61,7.2,0.95
643,6,7.63,0.55
644,90,8.73,0.91
645,36,7.57,0.68
646,95,9.64,0.06
647,28,0.86,0.97
648,4,1.23,0.91
649,4,9.34,0.51
650,81,6.8,0.62
651,10,9.91,0.35
652,4,2.79,0.93
653,74,6.56,0.67
654,57,9.35,0.75
655,22,6.28,0.04
656,99,4,0.63
657,11,1.78,0.09
658,60,2.98,0.9
659,82,0.38,0.66
660,16,2.41,0.46
661,13,2.64,0.39
662,78,6.86,0.51
663,73,5.43,0.85
664,95,6.06,0.67
665,89,7.48,0.52
666,38,2.68,0.2
667,55,2.36,0.94
668,75,0.68,0.66
669,28,2.57,0.71
670,47,9.29,0.09
671,33,4.14,0.43
672,70,0.87,0.34
673,96,2.54,0.41
674,10,6.42,0.78
675,72,7.33,0.16
676,96,0.58,0.75
677,20,7.26,0.95
678,26,2.53,0.5
679,57,1.32,0.76
680,33,4.88,0.94
681,4,0.48,0.82
682,5,7.24,0.64
683,41,1.52,0.61
684,9,2.46,0.04
685,52,7.95,0.36
686,14,4.52,0.93
687,72,3.02,0.38
688,48,8.88,0.19
689,58,4.53,0.96
690,7,8.43,0.24
691,55,4.99,0.63
692,55,7.24,0.08
693,57,0.85,0.46
694,34,8.3,0.45
695,92,3.86,0.69
696,3,8.54,0.72
697,15,7.36,0.45
698,38,7.22,0.95
699,37,5.81,0.64
700,6,6.97,0.47
701,96,8.39,0.93
702,99,7.9,0.37
703,77,8.8,0.04
704,92,0.65,0.5
705,54,8.87,0.55
706,90,1.18,0.73
707,33,9.34,0.28
708,27,2.02,0.61
709,66,0.67,0.45
710,25,6.58,0.85
711,17,3.01,0.4
712,4,0.04,0.7
713,52,5.41,0.89
714,2,4.92,0.68
715,63,9.17,0.68
716,88,3.82,0.18
717,41,6.27,0.08
718,92,2.03,0.05
719,62,5.34,0.75
720,42,3.3,0.54
721,17,6.47,0.24
722,20,2.99,0.64
723,54,3.12,0.63
724,83,6.72,0.9
725,10,0.87,0.57
726,42,0.15,0.71
727,72,6.29,0.96
728,55,9.14,0.21
729,6,7.07,0.92
730,77,3.3,0.86
731,11,6.13,0.24
732,7,1.84,0.51
733,67,4.92,0.46
734,20,7.62,0.26
735,14,8.47,0.23
736,42,1.15,0.18
737,73,0.74,0.33
738,55,7.7,0.18
739,67,6.27,0.22
740,61,6.82,0.89
741,0,5.72,0.61
742,25,5.81,0.16
743,25,2.26,0.74
744,67,6.91,0.36
745,35,8.23,0.54
746,91,5.2,0.49
747,80,1.19,0.06
748,53,9.19,0.36
749,21,3.92,0.61
750,98,1.29,0.88
751,65,1.27,0.96
752,32,4.36,0.66
753,7,4.91,0.37
754,23,7.79,0.32
755,51,6.25,0.01
756,93,9.53,0.15
757,28,3.58,0.65
758,20,3.51,0.33
759,26,8.75,0.5
760,4,1.11,0.92
761,42,7.96,0.22
762,50,8.26,0.53
763,28,8.64,0.44
764,2,0.52,0.42
765,27,5.36,0.99
766,14,8.23,0.16
767,43,6.46,0.7
768,25,7.46,0.82
769,2,8.26,0.03
770,46,5.84,0.2
771,75,2.53,0.12
772,77,8.18,0.36
773,3,2.37,0.94
774,32,8.76,0.89
775,36,1.34,0.02
776,46,1.15,0.92
777,75,5.95,0.9
778,97,4.3,0.54
779,29,0.64,0.42
780,25,4.16,0.62
781,71,0.51,0.12
782,85,6.14,0.1
783,92,7.79,0.51
784,41,1.41,0.91
785,24,9.86,0.19
786,81,8.71,0.54
787,49,8.09,0.33
788,86,6.83,0.38
789,66,2.19,0.82
790,83,7.49,0.65
791,60,8.68,0.48
792,27,4.65,0.61
793,41,7.99,0.98
794,60,8.98,0.74
795,11,8.49,0.57
796,69,1.16,0.57
797,59,3.04,0.69
798,48,2.4,0.15
799,71,0.52,0.01
800,17,9.9,0.89
801,65,3.15,0.06
802,13,3.68,0.99
803,28,9.35,0.66
804,72,6.21,0.39
805,24,0.95,0.65
806,4,0.78,0.84
807,37,4.87,0.37
808,31,0.27,0.88
809,54,5.43,0.08
810,40,8.7,0.09
811,36,2.34,0.13
812,71,0.98,0.86
813,93,8.49,0.47
814,77,0.64,1
815,47,8.8,0.28
816,88,3.62,0.62
817,44,2.23,0.15
818,27,4.49,0.75
819,50,6.93,0.82
820,59,1.36,0.48
821,59,6.04,0.09
822,65,8.46,0.84
823,36,0.15,0.46
824,73,1.55,0.92
825,7,9.22,0.37
826,86,9.77,0.59
827,90,1.34,0.26
828,52,2.66,0.59
829,91,7.21,0.89
830,80,1.63,0.16
831,45,5.18,0.78
832,87,4.14,0.13
833,76,2.45,0.33
834,61,8.81,0.08
835,67,7.47,0.5
836,33,1.02,0.1
837,59,2.46,0.31
838,82,9.34,0.54
839,45,8.73,0.09
840,73,2.67,0.98
841,31,9.47,0.9
842,87,5.76,0.38
843,63,8.26,0.7
844,19,9.26,0.38
845,48,0.38,0.06
846,80,2.16,0.34
847,20,4.56,0.21
848,27,6.31,0.47
849,30,5.43,0.52
850,49,5.39,0.24
851,9,7.65,0.45
852,76,6.58,0.87
853,34,5.86,0.33
854,49,0.38,0.28
855,11,1.45,0.19
856,62,3.65,0.83
857,84,5.3,0.55
858,85,3.46,0.68
859,36,9.74,0.72
860,65,3.85,0.24
861,7,5.99,0.82
862,56,0.03,0.79
863,11,8.08,0.69
864,88,7.64,0.58
865,65,7.13,0.04
866,81,4.96,0.49
867,8,1.09,0.64
868,34,7.8,0.72
869,87,8.58,0.03
870,59,3.95,0.8
871,87,1.3,0.72
872,32,3.11,0.41
873,7,7.62,0.42
874,13,8.04,0.4
875,70,7.1,0.74
876,54,0.09,0.57
877,9,6.51,0.7
878,61,7.58,0.77
879,94,3.96,0.51
880,26,6.29,0.76
881,88,5.98,0.63
882,36,9.51,0.79
883,49,4.03,0.51
884,41,9.02,0.83
885,1,6.65,0.18
886,46,0.63,0.56
887,62,1.3,0.6
888,7,7.35,0.02
889,86,1.56,0.13
890,42,0.75,0.08
891,72,8.77,0.38
892,46,0.08,0.55
893,33,6.05,0.07
894,74,5.7,0.02
895,22,6.73,0.03
896,55,2.46,0.19
897,75,4.02,0.07
898,39,4.98,0.13
899,79,4.29,0.93
900,75,4.01,0.2
901,91,8.21,0.26
902,1,6.99,0.44
903,40,5.86,0.05
904,5,9.63,0.51
905,87,9.54,0.61
906,49,3.86,0.48
907,87,3.03,0.74
908,84,2.41,0.76
909,82,6.59,0.28
910,55,0.16,0.45
911,6,2.55,0.91
912,40,7.42,0.89
913,52,8.9,0.87
914,73,1.87,0.88
915,14,1.22,0.03
916,6,3.02,0.5
917,12,9.11,0.64
918,50,3.23,0.13
919,47,4.09,0.16
920,65,5.89,0.42
921,17,9,0.15
922,4,5.79,0.01
923,30,7.1,0.13
924,79,6.51,0.97
925,70,5.97,0.18
926,75,1.04,0.63
927,45,8.79,0.49
928,52,1.7,0.64
929,21,4.81,0.87
930,21,7.5,0.71
931,88,0.81,0.19
932,74,1.97,0.58
933,4,2.66,0.03
934,59,3.88,0.77
935,82,2.31,0.43
936,86,2.52,0.93
937,76,7.57,0.1
938,21,3.07,0.49
939,57,1.13,0.32
940,12,4.03,0.09
941,22,2.41,0.14
942,71,1.91,0.29
943,65,2.92,0.24
944,95,1.96,0.14
945,84,6.7,0.22
946,80,2.28,0.56
947,71,0.7,0.2
948,13,7.61,0.15
949,89,5.72,0.34
950,79,9.37,0.5
951,81,3.77,0.63
952,16,0.88,0.46
953,14,6.16,0.11
954,55,1.86,0.04
955,2,7.1,0.79
956,60,7.15,0.63
957,64,8.52,0.96
958,21,7.96,0.97
959,0,6.88,0.06
960,92,6.81,0.69
961,55,8.45,0.82
962,64,1.34,0.06
963,88,3.11,0.59
964,41,1.64,0.01
965,26,3.61,0.98
966,15,3.33,0.81
967,96,8.05,0.82
968,4,0.05,0.32
969,44,7.17,0.45
970,24,9.83,0.5
971,40,3.68,0.05
972,23,1.09,0.55
973,55,8.01,0.46
974,7,4.8,0.53
975,95,6.68,0.23
976,57,8.08,0.12
977,2,5.19,0.02
978,91,8.46,0.63
979,73,7.9,0.02
980,18,7.66,0.54
981,76,4.02,0.37
982,42,4.89,0.84
983,66,9.11,0.02
984,97,4.91,0.85
985,75,8.43,0.74
986,23,2.25,0.24
987,27,9.12,0.28
988,72,4.64,0.1
989,48,7.2,0.21
990,87,9.35,0.21
991,1,2.49,0.16
992,9,4.86,0.76
993,76,7.3,0.94
994,77,0.37,0.1
995,85,5.18,0.92
996,78,2.26,0.8
997,20,3.9,0.02
998,99,2.46,0.75
999,67,4.96,0.37
1000,50,2.12,0.55
1001,90,3.39,0.51
1002,84,7.94,0.64
1003,22,2.33,0.19
1004,74,2.16,0.91
1005,86,0.11,0.81
1006,78,4.39,0.5
1007,49,5.58,0.61
1008,36,3.95,0.56
1009,36,1.89,0.61
1010,45,4.83,0.12
1011,5,6.14,0.49
1012,41,10,0.14
1013,62,4.8,0.48
1014,94,2.95,0.83
1015,36,8.58,0.75
1016,69,7.75,0.01
1017,59,7.68,0.15
1018,49,9.91,0.52
1019,3,9.14,0.86
1020,13,5.69,0.42
1021,33,2.11,0.75
1022,29,7.3,0.5
1023,80,4.31,0.49
1024,96,5.91,0.07
1025,72,2.15,0.38
1026,60,7.6,0.89
1027,99,3.16,0.97
1028,29,8.66,0.56
1029,23,2.9,0.75
1030,7,1.59,0
1031,45,0.67,0.19
1032,82,8.22,0.07
1033,19,6.83,0.65
1034,67,1.57,0.13
1035,8,7.01,0.12
1036,86,2.49,0.59
1037,82,7.45,0.2
1038,52,2.09,0.53
1039,80,9.47,0.55
1040,45,5.78,0.55
1041,1,2.71,0.63
1042,84,5.19,0.45
1043,9,5.43,0.63
1044,79,5.21,0.63
1045,90,8.84,0.84
1046,86,7.96,0.3
1047,65,0.5,0.15
1048,44,7.39,0.49
1049,91,6.15,0.2
1050,91,5.93,0.66
1051,31,5.77,0.17
1052,24,0.7,0.79
1053,81,1.6,0.46
1054,12,6.98,0.09
1055,70,1.66,0.99
1056,69,6.87,0.7
1057,71,7.76,0.53
1058,34,8.01,0.15
1059,61,8.59,0.05
1060,60,1.47,0.82
1061,34,3.28,0.57
1062,25,3.81,0.78
1063,87,4.03,0.39
1064,34,5.81,0.42
1065,100,1.51,0.34
1066,3,2.87,0.77
1067,64,0.54,0.84
1068,28,2.81,0.85
1069,74,0.52,0.34
1070,4,6.13,0.54
1071,100,6.03,0.74
1072,32,9.31,0.1
1073,14,1.92,0.65
1074,49,4.3,0.86
1075,52,7.96,0.48
1076,49,5.71,0.06
1077,87,9.52,0.37
1078,76,2.43,0.98
1079,51,7.51,0.19
1080,55,4.81,0.86
1081,19,3.36,0.37
1082,90,4.93,0.72
1083,57,1.37,0.73
1084,55,8.52,0.77
1085,6,9.89,0.89
1086,24,3.75,0.64
1087,31,3.66,0.61
1088,86,6.21,0.95
1089,8,9.47,0.32
1090,85,1.71,0.32
1091,22,9.02,0.32
1092,34,8.61,0.21
1093,44,7.32,0.35
1094,68,3.34,0.12
1095,51,0.99,0.25
1096,31,2.04,0.33
1097,98,7.99,0.58
1098,92,3.04,0.69
1099,86,4.73,0.12
1100,3,0.08,0.84
1101,9,3.09,0.15
1102,43,8.36,0.5
1103,73,4.61,0.17
1104,82,3.17,0.1
1105,20,0.94,0.19
1106,74,2.65,0.85
1107,36,6.04,0.36
1108,53,1.83,0.19
1109,88,3.59,0.42
1110,93,8.15,0.09
1111,14,5.06,0
1112,91,8.55,0.06
1113,1,0.53,0.52
1114,19,1.55,0.64
1115,60,6.88,0.84
1116,76,2.19,0.05
1117,58,0.85,0.25
1118,23,6.69,0.52
1119,70,7.42,0.68
1120,63,8.35,0.33
1121,72,5.27,0.49
1122,2,3.74,0.77
1123,66,2.89,0.25
1124,77,1.94,0.72
1125,21,8.15,0.42
1126,47,3.29,0.2
1127,84,9.65,0.54
1128,35,4.84,0.05
1129,15,5.08,0.48
1130,6,0.65,0.22
1131,2,6.4,0.47
1132,79,7.68,0.7
1133,20,9.63,0.61
1134,99,5.42,0.04
1135,96,5.23,0.45
1136,49,6.31,0.67
1137,76,2.22,1
1138,22,2.81,0.72
1139,74,6.3,0.78
1140,48,2.96,0.04
1141,85,4.06,0.13
1142,95,6.43,0.04
1143,8,7.04,0.4
1144,32,2.02,0.76
1145,61,6.63,0.18
1146,99,7.75,0.66
1147,24,0.68,0.56
1148,97,1.48,0.71
1149,32,6.67,0.34
1150,73,2.66,0.78
1151,39,6.28,0.36
1152,7,4.95,0.87
1153,90,1.36,0.69
1154,42,9.39,0.85
1155,39,5.84,0.58
1156,16,6.78,0.41
1157,37,9.66,0.23
1158,70,3.69,0.53
1159,51,3.26,0.58
1160,33,8.35,0.02
1161,80,7.92,0.28
1162,59,9.9,0.36
1163,73,6.87,0.58
1164,14,1.06,0.92
1165,92,3.63,1
1166,45,8.67,0.6
1167,39,4.34,0.78
1168,7,4.79,0.44
1169,92,3.47,0.28
1170,34,5.83,0.48
1171,78,6.06,0.74
1172,74,0.5,0.07
1173,62,7.98,0.17
1174,83,5.1,0.35
1175,93,5.83,0.52
1176,1,1.05,0.48
1177,36,6.37,0.52
1178,67,0.25,0.12
1179,61,9.8,0
1180,100,0.34,0.19
1181,99,2.8,0.92
1182,4,4.12,0.17
1183,86,5.3,0.04
1184,95,2.73,0.09
1185,83,6.08,0.17
1186,21,7.8,0.84
1187,73,4.6,0.71
1188,52,1.51,0.68
1189,31,6.5,0.94
1190,79,0.32,0.1
1191,66,1.18,0.28
1192,75,7.4,0.77
1193,27,4.78,0.87
1194,91,8.98,0.12
1195,1,9.48,0.59
1196,88,7.83,0.21
1197,74,0.34,0.85
1198,43,4.49,0.33
1199,100,8.5,0.45
1200,15,5.87,0.74
1201,95,1.93,0.48
1202,28,3.09,0.49
1203,88,8.83,0.86
1204,94,1.37,0.77
1205,7,6.6,0.52
1206,92,1.63,0.28
1207,4,9.2,0.24
1208,74,9.23,0.25
1209,56,6.9,0.75
1210,5,9.1,0.16
1211,87,3.77,0.57
1212,71,2.26,0.18
1213,100,9.47,0.44
1214,1,1.52,0.46
1215,29,1.62,0.75
1216,28,4.11,0.58
1217,43,7.86,0.9
1218,44,6.72,0.93
1219,1,6.88,0.44
1220,25,8.87,0.49
1221,50,3.08,0.15
1222,14,9.82,0.01
1223,61,9.87,0.62
1224,49,0.48,0.84
1225,96,1.8,0.46
1226,1,9.78,0.39
1227,100,7.72,0.6
1228,57,1.4,0.22
1229,27,0.21,0.32
1230,92,0.42,0.66
1231,87,6.12,0.35
1232,52,4.77,0.53
1233,87,1.53,0.05
1234,57,6.35,0.39
1235,34,1.33,0.36
1236,23,7.02,0.3
1237,86,2.54,0.3
1238,6,3.09,0.86
1239,31,3.24,0.63
1240,63,8.19,0.58
1241,64,3.99,0.89
1242,95,2.39,0.83
1243,69,8.88,0
1244,56,5.3,0.33
1245,84,9.19,0.13
1246,19,5.51,0.27
1247,72,4.3,0.53
1248,1,4.82,0.89
1249,26,9.78,0.54
1250,39,3.74,0.67
1251,27,8.57,0.1
1252,28,5.83,0.95
1253,33,8.35,0.66
1254,50,0.01,0.89
1255,0,3.61,0.54
1256,41,1.2,0.92
1257,55,3.18,0.19
1258,29,1.73,0.5
1259,38,4.1,0.7
1260,65,1.94,0.24
1261,82,9.97,0.97
1262,92,9.56,0.5
1263,91,2.97,0.11
1264,42,6.12,0.3
1265,84,0.24,0.34
1266,60,2.9,0.68
1267,59,7.57,0.05
1268,20,0.56,0.26
1269,18,2.03,0.95
1270,88,9.17,0.24
1271,41,9.81,0.98
1272,52,1.31,0.87
1273,89,1.69,0.84
1274,48,8.12,0.88
1275,4,1.56,0.62
1276,31,9.83,0.78
1277,20,8.96,0.35
1278,65,9.49,0.81
1279,51,5.42,0.98
1280,67,8.38,0.79
1281,51,6.87,0.82
1282,37,8.65,0.46
1283,56,5.76,0.75
1284,100,4.44,0.04
1285,35,9.22,0.96
1286,34,0.96,0.93
1287,58,6.29,0.9
1288,33,5.2,0.68
1289,71,4.36,0.98
1290,75,6.41,0.01
1291,18,3.4,0.69
1292,16,6.77,0.5
1293,67,7.18,0.3
1294,20,9.9,0.62
1295,89,4.91,0.48
1296,83,5.72,0.8
1297,23,7.22,0.82
1298,89,0.7,0.25
1299,43,1.45,0.54
1300,15,5.82,0.74
1301,58,6.65,0.9
1302,68,5.98,0.99
1303,55,1.18,0.21
1304,45,2.91,0.64
1305,2,1.99,0.17
1306,60,1.05,0.15
1307,92,1.56,0.73
1308,25,2.54,0.8
1309,62,7.94,0.6
1310,34,6,0.8
1311,52,3.27,0.95
1312,42,7.77,0.28
1313,46,8.3,0.45
1314,83,9.5,0.29
1315,41,5.82,0.57
1316,4,2.27,0.51
1317,52,5.57,0.16
1318,8,8.71,0.1
1319,2,0.91,0.46
1320,44,8.17,0.15
1321,22,3.56,0.2
1322,80,6.04,0.63
1323,36,4.41,0.05
1324,60,3.45,0.75
1325,2,2.7,0.92
1326,86,2.83,0.6
1327,55,7.03,0.56
1328,35,3.43,0.04
1329,92,7.88,0.26
1330,16,1.7,0.79
1331,56,8.08,0.68
1332,35,8.32,0.98
1333,4,5.4,0.46
1334,93,4.54,0.31
1335,16,0.15,0.79
1336,46,7.92,0.02
1337,57,3.33,0.28
1338,91,5.5,0.62
1339,92,3.24,0.38
1340,43,7.51,0.93
1341,67,9.43,0.03
1342,84,6.37,0.43
1343,38,6.57,0.7
1344,52,9.25,0.14
1345,34,7.86,0.23
1346,97,9.02,0.66
1347,73,9.62,0.01
1348,73,7.84,0.37
1349,71,6.07,0.84
1350,39,8.84,0.95
1351,78,8.55,0.91
1352,98,7.4,0.33
1353,16,2.93,0.38
1354,25,6.22,0.36
1355,64,7.18,0.77
1356,45,8,0.13
1357,34,9.78,0.4
1358,43,1.02,0.93
1359,83,2.01,0.11
1360,92,4.28,0.54
1361,45,0.76,0.55
1362,27,3.64,0.9
1363,77,9.51,0.87
1364,68,2.37,0.67
1365,52,9.53,0.54
1366,53,4.63,0.39
1367,61,1.46,0.9
1368,37,1.29,0.33
1369,90,6.18,0.6
1370,44,3.43,0.63
1371,14,9.81,0.09
1372,56,9.62,0.73
1373,73,9.39,0.55
1374,18,4.4,0.86
1375,94,5.68,0.41
1376,90,4.35,0.56
1377,48,0.58,0.38
1378,71,5.22,0.42
1379,94,7.64,0.61
1380,24,8.68,0.29
1381,57,6.82,0.08
1382,18,9.93,0.14
1383,85,2.91,0.9
1384,28,7.5,0.91
1385,2,5.18,0.11
1386,88,7.99,0.34
1387,41,1.55,0.42
1388,19,5.07,0.15
1389,14,7.58,0.44
1390,91,8.75,0.31
1391,68,2.28,0.76
1392,35,1.29,0.65
1393,41,7.15,0.79
1394,54,1.52,1
1395,47,9.26,0.09
1396,54,1.73,0.61
1397,16,2.52,0.88
1398,74,4.55,0.01
1399,65,8.63,0.8
1400,85,7.5,0.83
1401,22,6.51,0.3
1402,10,8.44,0.2
1403,5,8.4,0.12
1404,24,1.55,0.14
1405,79,3.4,0.49
1406,66,6.72,0.27
1407,2,1.66,0.31
1408,67,5.02,0.34
1409,4,2.01,0.1
1410,21,4.27,0.08
1411,33,4.87,0.42
1412,66,6.49,0.17
1413,89,7.14,0.57
1414,18,2.42,0.73
1415,83,9.79,0.62
1416,49,7.94,0.57
1417,1,5.29,0.73
1418,91,9.08,0.25
1419,54,7.61,0.77
1420,45,0.37,0.93
1421,50,8.08,0.84
1422,50,4.88,0.46
1423,95,9.41,0.43
1424,9,3.8,0.92
1425,3,6.06,0.94
1426,95,3.23,0.51
1427,91,9.9,0.76
1428,41,9.44,0.64
1429,46,2.93,0.8
1430,68,8.87,0.63
1431,70,9.26,0.31
1432,17,7.17,0.32
1433,87,9.61,0.7
1434,22,3.56,0.76
1435,94,5.85,0.56
1436,58,7.1,0.34
1437,63,2.31,0.78
1438,12,1.77,0.18
1439,81,8.97,0.74
1440,70,3.18,0.15
1441,86,2.79,0.22
1442,24,8.73,0.3
1443,78,3.85,0.05
1444,68,9.22,0.33
1445,76,1.1,0.98
1446,1,4.97,0.66
1447,69,2.92,0.62
1448,2,2.55,0.12
1449,11,8.19,0.67
1450,99,4.74,0.46
1451,72,2.24,0.53
1452,49,1.25,0.5
1453,15,1.77,0.67
1454,53,1.5,0.11
1455,8,8.01,0.83
1456,58,0.4,0.39
1457,5,8.38,0.83
1458,68,7.57,0.83
1459,8,9.76,0.45
1460,72,9.86,0.88
1461,99,5.08,0.5
1462,24,6.95,0.82
1463,42,1.26,0.59
1464,89,9.62,0.48
1465,83,4.05,0.94
1466,99,8.01,0.33
1467,78,9.83,0.95
1468,86,6.83,0.31
1469,26,3.76,0.6
1470,31,1.2,0.65
1471,15,6.6,0.89
1472,53,3.85,0.3
1473,38,0.14,0.76
1474,65,7.12,0.49
1475,77,5.92,0.63
1476,4,2.76,0.93
1477,92,4.01,0.44
1478,72,5.35,0.31
1479,6,3.18,0.68
1480,9,1.69,0.72
1481,67,3.1,0.62
1482,49,9.65,0.13
1483,43,9.04,0.59
1484,98,2.07,0.04
1485,40,1.95,0.18
1486,13,4.36,0.39
1487,89,9.41,0.28
1488,44,3.48,0.11
1489,76,6.63,0.15
1490,70,2.17,0.06
1491,38,8.07,0.16
1492,43,0.5,0.1
1493,52,7.25,0.26
1494,42,0.65,0.45
1495,43,7.67,0.4
1496,12,5.21,0.74
1497,54,5.93,0.72
1498,99,7.83,0.25
1499,19,7.35,0.19
1500,97,5.26,0.42
1501,12,0.93,0.42
1502,68,5.12,0.42
1503,11,7.19,0.02
1504,15,7.82,0.96
1505,42,0.58,0.28
1506,60,1.67,0.45
1507,32,1.04,0.26
1508,48,9.53,0.66
1509,10,9.49,0.07
1510,23,3.88,0.93
1511,27,9.31,0.27
1512,49,7.75,0.98
1513,16,8.73,0.43
1514,33,4.05,0.54
1515,16,0.5,0.24
1516,83,0.62,0.27
1517,25,9.96,0.16
1518,76,0.47,0.15
1519,8,9.06,0.93
1520,53,0.55,0.02
1521,97,0.89,0.25
1522,40,9.83,0.44
1523,88,6.6,0.09
1524,38,3.76,0.39
1525,59,8.09,0.21
1526,69,3.91,0.5
1527,10,9.39,0.28
1528,76,4.05,0.4
1529,39,7.65,0.29
1530,70,7.94,0.15
1531,40,9.93,0.63
1532,2,1.81,0.09
1533,38,8.33,0.99
1534,54,8.51,0.81
1535,71,3.88,0.04
1536,87,9.19,0.96
1537,56,9.41,0.52
1538,27,8.46,0.33
1539,10,0.16,0.55
1540,96,7.31,0.79
1541,33,8.27,0.24
1542,69,9.75,0.81
1543,95,5.29,0.55
1544,88,2.32,0.45
1545,64,4.58,0.2
1546,21,4.97,0.24
1547,47,2.15,0.58
1548,69,7.82,0.4
1549,62,8.38,0.75
1550,54,9.1,0.35
1551,63,5.7,0.24
1552,96,9.01,0.35
1553,36,8.64,0.13
1554,20,2.61,0.34
1555,89,0.3,0.53
1556,38,4.5,0.45
1557,11,9.55,0.78
1558,22,3.3,0.27
1559,57,4.06,0.78
1560,83,4.51,0.84
1561,62,1.71,0.02
1562,52,1.58,0.53
1563,53,6.1,0.43
1564,16,6.57,0.28
1565,63,3.84,0.52
1566,39,2.36,0.13
1567,87,0.45,0.14
1568,4,4.77,1
1569,61,4.46,0.37
1570,26,2.95,0.78
1571,12,2.6,0.3
1572,73,9.34,0.86
1573,72,1.1,0.19
1574,13,2.44,0.25
1575,11,2.68,0.57
1576,29,4.39,0.88
1577,6,0.06,0.99
1578,45,1.16,0.64
1579,71,7.19,0.11
1580,1,7.85,0.53
1581,96,3.43,0.91
1582,86,4.68,0.28
1583,35,1.4,0.71
1584,50,4.11,0.77
1585,51,1.49,0.38
1586,14,1.06,0.34
1587,57,8.45,0.29
1588,0,6.46,0.11
1589,58,5.96,0.33
1590,73,7.83,0.97
1591,8,8.92,0.48
1592,96,7.22,0.41
1593,56,8.79,0.84
1594,19,1.61,0.87
1595,84,6.77,0.03
1596,97,1.37,0.89
1597,47,0.84,0.24
1598,53,2.64,0.38
1599,44,3.39,0.15
1600,68,3.77,0.04
1601,70,8.31,0.42
1602,78,6.68,0.16
1603,31,3.47,0.41
1604,13,6.73,0.86
1605,72,4.13,0.4
1606,34,1.77,0.69
1607,41,1.97,0.3
1608,6,1.51,0.21
1609,81,3.1,0.22
1610,92,8.49,0.76
1611,71,9.59,0.85
1612,4,4.49,0.88
1613,85,6.23,0.08
1614,66,1.71,0.03
1615,24,1.12,0.14
1616,53,6.93,0.99
1617,31,0.58,0.31
1618,26,2.2,0.39
1619,74,4.33,0.1
1620,66,7.25,0.07
1621,41,7.76,0.78
1622,70,7.51,0.34
1623,94,9.5,0.06
1624,92,7.7,0.05
1625,49,9.75,0.99
1626,51,4.48,0.09
1627,7,2.3,0.87
1628,61,9.24,0.66
1629,81,7.9,0.87
1630,65,2.87,0.72
1631,97,0.85,0.08
1632,9,8.78,0.49
1633,22,4.91,0.95
1634,92,7.41,0.58
1635,23,4.29,0.28
1636,56,2.8,0.9
1637,58,8.38,0.73
1638,44,1.01,0.67
1639,39,3.2,0.86
1640,85,4.31,0.22
1641,31,1.53,0.8
1642,52,9.84,0.41
1643,42,3.69,0.43
1644,97,5.36,0.61
1645,81,0.73,0.27
1646,5,5.45,0.92
1647,19,7.15,0.26
1648,97,9.22,0.82
1649,17,5.17,0.09
1650,50,9.99,0.54
1651,11,5.68,0.62
1652,68,3.7,0.37
1653,6,4.27,0.92
1654,73,6.8,0.49
1655,34,1.69,0.04
1656,67,5.43,0.57
1657,40,8.05,0.41
1658,63,9.65,0.25
1659,77,1.86,0.84
1660,23,0.05,0.19
1661,68,9.44,0.63
1662,13,8.02,0.96
1663,26,9.41,0.19
1664,99,8.71,0.87
1665,98,1.16,0.75
1666,62,1.4,0.42
1667,13,5.72,0.38
1668,38,2.45,0.89
1669,21,1.29,0.15
1670,67,0.69,0.91
1671,74,6.34,0.08
1672,37,6.95,0.34
1673,72,0.26,0.24
1674,48,9.27,0.45
1675,67,7.4,0.39
1676,15,9.31,0.21
1677,89,7.72,0.31
1678,68,6,0.55
1679,30,8.5,0.52
1680,94,9.82,0.13
1681,1,2.14,0.16
1682,15,1.58,0.43
1683,35,5.96,0.19
1684,2,5.53,0.15
1685,60,8.89,0.71
1686,20,4.9,0.99
1687,53,6.15,0.52
1688,54,4.46,0.24
1689,5,6.51,0.57
1690,37,3.88,0.1
1691,18,3.57,0.71
1692,36,0.38,0.24
1693,92,0.3,0.75
1694,49,0.4,0.37
1695,67,5.23,0
1696,16,5.51,0.86
1697,49,0.06,0.72
1698,51,5.95,0.05
1699,86,3.16,0.9
1700,23,0.23,0.98
1701,22,4.4,0.37
1702,96,0.32,0.64
1703,80,0.54,0.5
1704,96,4.74,0.32
1705,31,4.06,0.08
1706,91,5.89,0.57
1707,100,1.67,0.92
1708,90,3.38,0.49
1709,89,6.27,0.55
1710,98,7.35,0.72
1711,56,0.96,0.41
1712,62,3.88,0.73
1713,0,1.09,0.86
1714,28,7.99,0.77
1715,95,7.93,0.58
1716,56,9.97,0.39
1717,80,6.48,0.77
1718,44,5.89,0.37
1719,68,2.82,0.85
1720,40,5.6,0.34
1721,13,1.75,0.26
1722,9,1.77,0.54
1723,43,6.78,0.38
1724,63,2.05,0.27
1725,48,4.86,0.3
1726,30,9.68,0.74
1727,89,0.99,0.68
1728,67,3.67,0.56
1729,30,0.17,0.69
1730,27,5.33,0.73
1731,26,3.34,0.52
1732,56,7.99,0.05
1733,32,5.74,0.58
1734,7,2.54,0.22
1735,60,9.5,0.19
1736,58,0.27,0.61
1737,22,1.64,0.79
1738,96,3.94,0.06
1739,95,2.98,0.55
1740,33,1.88,0.21
1741,23,0.15,0.78
1742,45,1.05,0.28
1743,68,2.61,0.52
1744,17,4.96,0.04
1745,91,1.78,0.23
1746,71,7.01,0.03
1747,23,3.57,0.88
1748,38,0.62,0.31
1749,37,8.41,0.14
1750,33,1.42,1
1751,9,9.41,0.15
1752,29,2.71,0.24
1753,20,1.92,0.94
1754,41,0.93,0.57
1755,82,1.71,0.77
1756,41,8.49,0.02
1757,80,5.5,0.03
1758,81,6.13,0.38
1759,69,4.79,0.48
1760,35,2.73,0.11
1761,23,8.49,0.07
1762,60,4.93,0.45
1763,62,6.22,0.82
1764,59,6.51,0.18
1765,20,2.93,0.82
1766,85,9.79,0.42
1767,40,3.32,0.17
1768,76,1.44,0.58
1769,66,9.65,0.5
1770,94,6.5,0.13
1771,12,0.9,0.33
1772,68,0.93,0.69
1773,64,8.78,0.78
1774,73,7.01,0.81
1775,53,7.5,0.06
1776,63,6.62,0.38
1777,24,0.84,0.57
1778,47,8.14,0.24
1779,67,9.92,0.09
1780,46,5.62,0.55
1781,67,2.88,0.59
1782,1,7.92,0.54
1783,51,3.84,0.74
1784,58,4.16,0.56
1785,57,3.76,0.94
1786,87,2.27,0.75
1787,46,9.91,0.41
1788,30,2.71,0.29
1789,69,9.83,0.01
1790,76,4.79,0.94
1791,39,4.04,0.37
1792,3,3.48,0.19
1793,55,2.53,0.21
1794,23,4.99,0.05
1795,97,7.26,0.51
1796,40,5.62,0.34
1797,6,6.58,0.03
1798,76,1.92,0.08
1799,50,9.4,0.62
1800,70,7.5,0.48
1801,86,6.1,0.01
1802,54,2.06,0.75
1803,24,2.44,0.99
1804,68,1.84,0.14
1805,17,1.24,0.11
1806,43,4.66,0.89
1807,66,8.31,0.93
1808,5,1.57,0.26
1809,94,6.43,0.89
1810,83,2.31,0.58
1811,67,9.11,0.23
1812,21,4.84,0.39
1813,25,9.07,0.27
1814,1,1.36,0.74
1815,79,9.37,0.45
1816,93,8.28,0.25
1817,9,8.73,0.59
1818,44,0.06,0.49
1819,88,3.69,0.03
1820,42,6.52,0.36
1821,92,4.63,0.92
1822,45,4.07,0.97
1823,43,3.52,0.59
1824,47,8.93,0.75
1825,23,0.23,0.37
1826,6,4.98,0.35
1827,85,2.47,0.37
1828,86,9.17,0.19
1829,55,3.13,0.9
1830,12,6.78,0.83
1831,49,1.93,0.01
1832,62,2.9,0.31
1833,91,2.48,0.11
1834,41,3.06,0.24
1835,54,8.62,0.82
1836,33,7.38,0.12
1837,81,2.18,0.29
1838,58,6.11,0.56
1839,99,6.68,0.26
1840,93,7.59,0.57
1841,34,8.53,0.41
1842,20,3.49,0.96
1843,23,0.59,0.22
1844,62,3.37,0.98
1845,3,3.33,0.49
1846,62,2.92,0.41
1847,98,7.25,0.53
1848,43,6.35,0.59
1849,58,9.77,0.11
1850,89,8.71,0.19
1851,5,8.03,0.55
1852,86,3.55,0.55
1853,22,0.75,0.95
1854,52,2.73,0.45
1855,16,9.48,0.88
1856,49,4.39,0.82
1857,84,0.22,0.91
1858,94,5.13,0.93
1859,79,6.75,0.74
1860,95,8.74,0.25
1861,35,4.99,0.19
1862,98,1.05,0.32
1863,59,4.94,0.99
1864,38,1.65,0.53
1865,92,0.88,0.78
1866,49,2.97,0.24
1867,8,7.36,0.93
1868,33,9,0.27
1869,24,0.13,0.74
1870,99,6.56,0.19
1871,77,1.37,0.37
1872,3,7.28,0.72
1873,90,2.6,0.61
1874,39,9.3,0.88
1875,61,1.91,0.84
1876,23,1.41,0.42
1877,39,2.49,1
1878,31,3.88,0.29
1879,3,1.8,0.94
1880,46,4.74,0.46
1881,37,3.31,0.25
1882,59,5.98,0.03
1883,26,6.11,0.03
1884,64,0.72,0.54
1885,73,6.17,0.49
1886,47,8.77,0.72
1887,46,3.1,0.83
1888,86,6.08,0.2
1889,79,0.39,0.34
1890,19,7.54,0
1891,73,3.53,0.01
1892,48,2.65,0.49
1893,34,4.91,0.52
1894,58,2.8,0.6
1895,19,1.62,0.95
1896,57,8.17,0.4
1897,2,2.29,0.92
1898,40,2.3,0.45
1899,38,9.89,0.96
1900,68,0.38,0.3
1901,43,9.83,0.7
1902,28,5.02,0.1
1903,58,9.44,0.09
1904,18,0.07,0.44
1905,60,5.91,0.18
1906,69,3.11,0.26
1907,25,4.4,0.86
1908,88,6.07,0.5
1909,63,4.12,0.74
1910,37,7.69,0.65
1911,75,5.41,0.39
1912,13,8.17,0.48
1913,57,1.88,0.94
1914,48,0.05,0.44
1915,50,2.54,0.84
1916,26,6.59,0.9
1917,58,1.72,0.17
1918,79,4.68,0.16
1919,91,5.51,0.43
1920,98,9.94,0.89
1921,12,5.2,0.31
1922,46,3.26,0.89
1923,35,0.43,0.61
1924,22,1.25,0.45
1925,46,0.12,0.94
1926,17,5.77,0.67
1927,42,2.36,0.82
1928,42,7.41,0.93
1929,61,5.31,0.61
1930,9,4.8,0.93
1931,25,8.83,0.56
1932,18,6.03,0.54
1933,92,1.5,0.51
1934,33,7.08,0.31
1935,99,5.01,0.91
1936,73,7.39,0.96
1937,31,4.11,0.25
1938,33,1.27,0.61
1939,67,7.62,0.37
1940,85,8.28,0.8
1941,68,2.38,0.88
1942,31,7.2,0.19
1943,67,6.19,0.11
1944,15,2.56,0.85
1945,84,3.01,0.57
1946,20,3.22,0.67
1947,72,0.22,0.34
1948,50,5.12,0.69
1949,93,1.11,0.87
1950,15,0.61,0
1951,82,4.27,0.23
1952,16,7.52,0.98
1953,69,8.48,0.49
1954,39,9.25,0.95
1955,7,8.97,0.07
1956,77,5.54,0.31
1957,63,0.9,0.54
1958,87,4.15,0.72
1959,92,4.84,0.75
1960,89,9.59,0.21
1961,60,5.1,0.87
1962,69,3.36,0.8
1963,98,7.96,0.6
1964,7,7.65,0.56
1965,40,8.15,0.72
1966,34,2.32,0.54
1967,75,5.1,0.37
1968,38,9.46,0.28
1969,10,4.34,0.3
1970,85,6.99,0.33
1971,99,9.64,0.18
1972,3,5.36,0.27
1973,92,7.09,0.69
1974,84,1.49,0.6
1975,12,4.97,0.99
1976,81,8.36,0.26
1977,5,8.4,0.41
1978,55,4.81,0.88
1979,37,5.47,0.83
1980,92,9.55,0.57
1981,2,1.29,0.65
1982,53,7.16,0.93
1983,16,3.41,0.69
1984,91,5.68,0.8
1985,27,9.1,0.23
1986,27,6.25,0.84
1987,32,0.33,0.32
1988,65,4.17,0.75
1989,47,2.04,0.6
1990,80,7.31,0.56
1991,20,4.43,0.47
1992,30,4.04,0.53
1993,31,5.9,0.05
1994,93,2.26,0.2
1995,92,9.94,0.49
1996,83,7.74,0.68
1997,69,5.61,0.58
1998,3,5.53,0.51
1999,100,2.21,0.28
2000,11,7.46,0.59
2001,28,5.06,0.7
2002,99,1.98,0.24
2003,39,7.22,0.03
2004,60,5.91,0.55
2005,49,7.32,0.89
2006,71,5.08,0.33
2007,56,7.63,0.51
2008,70,8.28,0.67
2009,29,1.83,0.96
2010,36,6.23,0.92
2011,84,7.86,0.13
2012,15,8.29,0.88
2013,25,0.95,0.91
2014,16,2.32,0.98
2015,76,4.19,0.15
2016,30,4.85,0.62
2017,22,9.1,0.41
2018,71,0.6,0.68
2019,45,7.29,0.66
2020,41,1.79,0.33
2021,23,5.01,0.12
2022,95,2.16,0.08
2023,28,0.71,0.39
2024,11,5.05,0.09
2025,95,5.72,0.51
2026,96,3,0.3
2027,94,0.73,0.11
2028,50,0.57,0.92
2029,97,7.91,0.33
2030,24,0.8,0.74
2031,95,6.02,0.81
2032,81,3.99,0.34
2033,30,8.86,0.18
2034,97,8.07,0.64
2035,71,6.9,0.8
2036,82,9.58,0.96
2037,80,2.51,0.69
2038,98,0.2,0.98
2039,4,1.03,0.73
2040,36,1.72,0.96
2041,40,5.93,0.27
2042,61,4.87,0.41
2043,34,3.36,0.17
2044,21,6.73,0.82
2045,87,7.04,0.03
2046,42,1.12,0.59
2047,81,4.86,0.15
2048,91,4.48,0.64
2049,74,7.8,0.51
2050,12,6.7,0.37
2051,57,9.99,0.24
2052,94,8.09,0.52
2053,84,5.84,0.1
2054,13,0.72,0.25
2055,3,1.99,0.43
2056,20,5.79,0.4
2057,42,5.22,0.4
2058,51,9.72,0.04
2059,6,2.64,0.82
2060,39,2.95,0.01
2061,46,2.27,0.91
2062,58,3.62,0.34
2063,54,7.01,0.27
2064,30,4.21,0.35
2065,56,2.99,0.04
2066,4,9.01,0.91
2067,17,4.37,0.56
2068,5,3.2,0.13
2069,90,2.93,0.74
2070,77,7.56,0.52
2071,96,7.05,0.43
2072,76,7.93,0.65
2073,32,6.79,0.2
2074,96,1.71,0.73
2075,58,4.63,0.35
2076,22,8.97,0.26
2077,25,2.39,0.96
2078,65,8.93,0.73
2079,14,4.55,0.51
2080,45,0.15,0.93
2081,91,3.19,0.58
2082,18,2.64,0.49
2083,5,4.71,0.45
2084,24,4.2,0.19
2085,43,7.66,0.8
2086,19,2.18,0.77
2087,0,6.9,0.23
2088,23,9.73,0.48
2089,42,9.28,0.65
2090,85,6.2,0.41
2091,100,0.24,0.84
2092,28,1.98,0.93
2093,4,2.63,0.29
2094,54,1.16,0.65
2095,34,6.45,0.67
2096,57,9.51,0.59
2097,26,2.66,0.72
2098,53,7.71,0.55
2099,21,9.32,0.58
2100,22,1.52,0.17
2101,32,1.89,0.39
2102,26,0.84,0.52
2103,94,6.59,0.47
2104,20,6.44,0.2
2105,48,0.7,0.07
2106,18,3.03,0.38
2107,21,2.85,0.24
2108,38,1.98,0.52
2109,1,7.58,0.92
2110,86,1.76,0.98
2111,71,0.27,0.02
2112,3,4.27,0.93
2113,3,8.21,0.05
2114,29,8.74,0.8
2115,72,2.77,0.97
2116,19,4.94,0.74
2117,75,5.61,0.4
2118,43,8.99,0.94
2119,25,6.27,0.78
2120,15,1.18,0.21
2121,6,8.95,0.22
2122,41,9.46,0.06
2123,74,10,0.97
2124,75,4.2,0.39
2125,98,2.12,0.56
2126,68,3.21,0.79
2127,26,6.71,0.7
2128,28,7.81,0.52
2129,61,6.86,0.08
2130,18,4.16,0.99
2131,78,3.79,0.82
2132,17,0.09,0.21
2133,21,2.97,0.68
2134,93,4.42,0.15
2135,32,2.06,0.77
2136,2,0.09,0.88
2137,16,2.28,0.79
2138,1,5.06,0.11
2139,17,3.71,0.01
2140,43,7.38,0.47
2141,21,9.96,0.17
2142,64,8.2,0.32
2143,24,4.1,0.89
2144,4,5.56,0.35
2145,37,7.94,0.18
2146,25,5.18,0.44
2147,98,3.48,1
2148,92,1.94,0.43
2149,89,8.75,0.34
2150,18,8.08,0.06
2151,59,4.32,0.92
2152,45,8.24,0.01
2153,77,4.35,0.11
2154,55,5.91,0.63
2155,75,0.48,0.68
2156,67,2.36,0.24
2157,73,9.63,0.83
2158,92,1.23,0.28
2159,58,8.29,0.68
2160,67,2.84,0.88
2161,90,9.15,0.59
2162,65,6.46,0.04
2163,24,8.02,0.17
2164,66,8.61,0.32
2165,8,9.57,0.11
2166,20,3.52,0.57
2167,29,5.98,0.55
2168,99,7.75,0.19
2169,19,5.03,0.79
2170,51,8.7,0.54
2171,92,6.98,0.75
2172,83,1.62,0.05
2173,96,4.12,0.59
2174,38,2.97,0.2
2175,35,0.58,0.02
2176,41,5.36,0.94
2177,66,7.69,0.7
2178,54,7.45,0.89
2179,19,1.14,0.2
2180,93,2.62,0.56
2181,19,4.01,0.17
2182,80,0.09,0.82
2183,62,0.23,0.82
2184,17,2.08,0.44
2185,13,7.09,0.33
2186,93,3.91,0.5
2187,19,8.33,0.79
2188,96,9.49,0.59
2189,36,9.92,0.31
2190,10,6.56,0.89
2191,53,0.38,0.31
2192,3,6.67,0.02
2193,56,3.64,0.66
2194,26,0.06,0.32
2195,41,9.03,0.63
2196,93,6.12,0.47
2197,63,3.71,0.53
2198,4,9.6,0.42
2199,58,9.41,0.36
2200,8,9.5,0.05
2201,96,2.06,0.67
2202,22,4.4,0.23
2203,40,5.08,0.11
2204,67,7.74,0.09
2205,52,5.58,0.78
2206,6,0.35,0.25
2207,8,1.15,0.99
2208,4,1.78,0.44
2209,55,8.74,0.66
2210,99,0.23,0.77
2211,27,1.8,0.47
2212,18,3.62,0.85
2213,84,1.28,0.6
2214,60,1.06,0.49
2215,51,0.9,0.01
2216,12,5.01,0.8
2217,46,0.17,0.29
2218,41,3.31,0.11
2219,30,9.33,0.89
2220,85,3.49,0.5
2221,71,3.31,0.4
2222,69,3.04,0.57
2223,28,6.75,0.41
2224,70,1,0.96
2225,87,3,0.47
2226,70,8.37,0.2
2227,32,8.76,0.99
2228,69,8.89,0.07
2229,30,4.9,0.01
2230,89,9.23,0.73
2231,32,2.91,0.64
2232,13,3.36,0.03
2233,9,0.46,0.77
2234,83,4.99,0.34
2235,6,5.82,0.74
2236,61,3.89,0.04
2237,61,1.11,0.08
2238,87,5.48,0.35
2239,94,0.94,0.82
2240,63,3,0.5
2241,19,9.83,0.25
2242,19,5.61,0.15
2243,17,3.58,0.46
2244,29,4.56,0.12
2245,5,6.26,0.86
2246,0,9.02,0.74
2247,21,0.94,0.36
2248,53,1.81,0.74
2249,5,3.14,0.72
2250,36,3.98,0.13
2251,42,0.42,0.64
2252,99,5.66,0.35
2253,8,8.4,0.7
2254,95,8.08,0.01
2255,94,5.13,0.19
2256,75,9.56,0.24
2257,35,0.82,0.04
2258,97,3.16,0.24
2259,4,4.6,0.44
2260,47,0.43,0.94
2261,92,4.98,0.42
2262,97,4.47,0.83
2263,43,1.58,0.11
2264,62,2.21,0.93
2265,55,2.02,0.71
2266,38,9.62,0.65
2267,24,9.89,0.84
2268,67,9.8,0.38
2269,77,9.69,0.66
2270,49,8.41,0.67
2271,96,1.95,0.6
2272,47,1.04,0.03
2273,66,1.59,0.73
2274,58,4.67,0.96
2275,19,5.25,0
2276,90,5.55,0.87
2277,43,5.62,0.68
2278,6,5.55,0.11
2279,64,8.95,0.12
2280,11,9.47,0.7
2281,1,8.92,0.65
2282,36,4.86,0.02
2283,7,6.74,0.15
2284,44,0.83,0.2
2285,88,0.95,0.39
2286,32,6.57,0.57
2287,11,0.4,0.58
2288,34,3.3,0.97
2289,94,1.31,0.22
2290,95,5.39,0.13
2291,47,8.75,0.81
2292,83,4.26,0.53
2293,98,1.04,0.81
2294,10,6.77,0.6
2295,68,7.53,0.64
2296,84,3.03,0.47
2297,7,8.44,0.72
2298,92,5.3,0.33
2299,18,4.01,0.51
2300,86,2.13,0.33
2301,96,8.3,0.06
2302,46,2.08,0.89
2303,28,2.27,0.92
2304,57,1.44,0.42
2305,72,9.19,0.57
2306,23,2.45,0.24
2307,31,1.09,0.03
2308,69,1.16,0.62
2309,84,5.64,0.28
2310,82,7.47,0.45
2311,41,4.84,0.67
2312,53,2.87,0.75
2313,74,8.63,0.31
2314,39,1.08,0.59
2315,34,4.33,0.23
2316,42,9.44,0.56
2317,68,0.1,0.54
2318,46,0.06,0.74
2319,47,1.29,0.55
2320,20,8.3,0.4
2321,14,8.23,0.81
2322,17,2.28,0.1
2323,85,7.92,0.77
2324,9,9.92,0.44
2325,46,9.84,0.87
2326,8,8.62,0.51
2327,80,4.89,0.29
2328,3,7.41,0.15
2329,63,0.21,0.55
2330,51,3.71,0.41
2331,31,7.64,0.05
2332,89,9.9,0.79
2333,28,3.2,0.7
2334,94,7.41,0.5
2335,14,9.46,0.81
2336,21,0.38,0.98
2337,85,9.18,0.89
2338,50,7.17,0.83
2339,88,1.8,0.3
2340,58,8.61,0.45
2341,46,4.57,0.64
2342,45,2.49,0.41
2343,6,8.78,0.5
2344,41,6.65,0.27
2345,22,3.81,0.78
2346,58,5.59,0.12
2347,74,2.92,0.15
2348,68,8.86,0.41
2349,77,5.54,0.24
2350,87,8.25,0.63
2351,22,1.92,0.96
2352,99,4.68,0.9
2353,66,2.73,0.15
2354,4,2.93,0.32
2355,41,8.06,0.48
2356,70,6.98,0.41
2357,21,0.76,0.73
2358,60,6,0.21
2359,97,4.64,0.7
2360,85,7.6,0.56
2361,20,2.17,0.01
2362,41,3.99,0.09
2363,7,0.53,0.75
2364,39,5.47,0.76
2365,15,0.29,0.23
2366,16,9.78,0.41
2367,43,6.04,0.16
2368,51,3.22,0.53
2369,1,4.89,0.88
2370,13,3.44,0.49
2371,92,7.47,0.44
2372,44,0.44,0.54
2373,48,3.65,0.85
2374,29,0.9,0.37
2375,46,5.39,0.42
2376,6,9.93,0.26
2377,25,2.62,0.47
2378,78,0.2,0.19
2379,80,0.13,0.61
2380,14,6.37,0.39
2381,27,5.1,0.49
2382,80,3.97,0.32
2383,53,2.32,0.4
2384,32,9.99,0.22
2385,13,1.12,0.85
2386,22,8.86,0.67
2387,69,0.8,0.05
2388,26,3.1,0.36
2389,11,6.01,0.56
2390,10,5.76,0.78
2391,28,1.25,0.63
2392,80,7.42,0.8
2393,76,2.28,0.14
2394,51,7.98,0.26
2395,86,0.77,0.91
2396,74,5.48,0.72
2397,94,9.56,0.56
2398,36,8.95,0.56
2399,55,4.15,0.12
2400,33,9.23,0.19
2401,79,1.65,0.84
2402,99,9.56,0.39
2403,22,0.93,0.31
2404,82,5.21,0.75
2405,16,0.69,0.85
2406,23,9.03,0.45
2407,23,1.42,0.55
2408,23,8.91,0.34
2409,19,4.78,0.53
2410,6,8.08,0.7
2411,91,1.94,0.6
2412,22,9.12,0.49
2413,76,4.24,0.98
2414,29,0.47,0.27
2415,8,8.08,0.64
2416,89,4.71,0.28
2417,33,7.11,0.85
2418,59,9.78,0.81
2419,62,1.04,0.85
2420,93,0.99,0.34
2421,95,4.18,0.95
2422,69,9.47,0.46
2423,52,3.71,0.78
2424,54,3.45,0.56
2425,17,6.81,0.58
2426,92,7.15,0.82
2427,86,4.87,0.79
2428,69,5.78,0.67
2429,23,3.25,0.49
2430,58,4.14,0.15
2431,28,3.44,0.2
2432,49,7.09,0.22
2433,66,5.16,0.6
2434,53,0.53,0.39
2435,26,0.72,0.76
2436,90,3.73,0.33
2437,99,3.2,0.52
2438,85,2.29,0.38
2439,55,8.41,0.29
2440,34,7.2,0.1
2441,56,3.33,0.59
2442,39,6.16,0.65
2443,40,3.77,0.43
2444,14,4.73,0.99
2445,78,6.94,0.12
2446,98,2.23,0.98
2447,30,9.52,0.76
2448,100,9.94,0.28
2449,36,6.27,0.24
2450,51,6.64,0.64
2451,20,0.66,0.09
2452,49,4.8,0.67
2453,16,3.31,0.06
2454,42,3.36,0.18
2455,43,2.13,0.01
2456,40,7.93,0.18
2457,37,6.67,0.05
2458,56,6.49,0.04
2459,68,0.14,0.94
2460,65,7.34,0.94
2461,79,5.11,0.75
2462,12,4.41,0.33
2463,58,9,0.4
2464,17,4.06,0.69
2465,55,6.11,0.92
2466,46,1.5,0.95
2467,41,1.83,0.1
2468,68,5.93,0.31
2469,49,1.08,0.37
2470,14,3.51,0.7
2471,52,7.68,0.76
2472,78,8.45,0.15
2473,80,8.64,0.89
2474,8,8.25,0.92
2475,13,6.71,0.44
2476,92,7,0.18
2477,23,3.97,0.29
2478,46,1.91,0.99
2479,92,7.13,0.33
2480,52,3.5,0.05
2481,76,5.24,0.15
2482,51,9,0.42
2483,93,0.06,0.15
2484,47,4.35,0.4
2485,13,8.84,0.97
2486,54,9.81,0.94
2487,16,6.95,0.46
2488,4,4.72,0.61
2489,71,0.67,0.58
2490,64,8.56,0.62
2491,24,2.31,0.72
2492,23,6.4,0.18
2493,79,5.89,0.7
2494,11,5.52,0.36
2495,85,8.86,0.29
2496,88,4.71,0.96
2497,25,9.73,0.82
2498,71,4.29,0.81
2499,29,5.7,0.11
2500,89,0.94,0.22
2501,86,5.68,0.76
2502,15,3.24,0.84
2503,19,8.6,0.48
2504,48,1.89,0.83
2505,11,9.21,0.38
2506,54,2.35,0.79
2507,92,5.59,0.5
2508,42,7.43,0.6
2509,49,8.2,0.72
2510,30,4.34,0.67
2511,75,4.01,0.06
2512,81,6.5,0.25
2513,95,7.91,0.45
2514,75,1.86,0.81
2515,97,1.37,0.76
2516,76,1.18,0.48
2517,92,7.32,0.17
2518,31,5.03,0.76
2519,20,7.42,0.76
2520,3,7.47,0.01
2521,64,1.46,0.49
2522,97,6.96,0.67
2523,56,3.46,0.8
2524,1,8.45,0.36
2525,64,1.9,0.96
2526,18,0.77,0.53
2527,7,8.24,0.15
2528,38,0.06,0.76
2529,47,5.41,0.56
2530,46,3.63,0.37
2531,86,5.09,0.74
2532,13,5.24,0.05
2533,25,0.8,0.52
2534,96,5.92,0.38
2535,58,1.36,0.84
2536,83,6.61,0.71
2537,39,1.42,0.2
2538,1,0.34,0.96
2539,2,7.62,0.45
2540,26,4.07,0.59
2541,46,9.8,0.88
2542,57,0.4,0.49
2543,4,5.17,0.34
2544,52,2.11,0.77
2545,55,2.23,0.67
2546,55,3.68,0.5
2547,72,9,0.88
2548,19,6.15,0.81
2549,79,7.41,0.47
2550,43,1.63,0.98
2551,97,3,0.76
2552,97,4.34,0.84
2553,55,6.89,0.61
2554,39,9.92,0.8
2555,31,0.94,0.94
2556,28,2.24,0.8
2557,43,2.65,0.67
2558,21,2.85,0.09
2559,41,2.25,0.11
2560,46,0.05,0.92
2561,37,9.2,0.48
2562,79,4.65,0.45
2563,56,6.88,0.27
2564,90,0.23,0.48
2565,81,1,0.85
2566,12,1.39,0.05
2567,61,5.86,0.88
2568,5,7.76,0.87
2569,42,2.83,0.71
2570,56,3.89,0.97
2571,82,3.24,0.92
2572,42,6.01,0.72
2573,5,7.11,0.16
2574,24,3.7,0.89
2575,13,5,0.81
2576,11,8.08,0.22
2577,39,7.63,0.58
2578,77,2.11,0.77
2579,35,2.38,0.19
2580,19,4.69,0.65
2581,33,3.09,0.19
2582,81,1.47,0.41
2583,47,4.81,0.68
2584,6,8.13,0.03
2585,11,1.53,0.59
2586,72,4.33,0.72
2587,26,0.42,0.92
2588,78,6.14,0.91
2589,36,9.02,0.57
2590,67,8.16,0.22
2591,6,2.32,0.1
2592,65,1.82,0.26
2593,54,1.43,0.89
2594,44,5.3,0.72
2595,100,3.95,0.51
2596,5,2.97,0.52
2597,71,9.89,0.82
2598,55,6.35,0.33
2599,1,8.04,0.42
2600,15,5.41,0.11
2601,50,2.9,0.51
2602,5,5.82,0.59
2603,58,1.48,0.72
2604,94,9.97,0.86
2605,15,3.95,0.01
2606,100,9.62,0.46
2607,47,0.53,0.29
2608,35,8.85,0.83
2609,25,8.29,0.6
2610,41,1.68,0.06
2611,26,7.66,0.54
2612,13,3.05,0.18
2613,15,5.6,0.72
2614,7,0,0.65
2615,82,0.46,0.79
2616,84,3.69,0.3
2617,37,4.42,0.41
2618,61,6.26,0.9
2619,28,1.45,0.53
2620,26,8.38,0.14
2621,93,2.33,0.86
2622,30,4.75,0.3
2623,83,6.71,0
2624,41,7.18,0.32
2625,76,0.85,0.4
2626,78,6.82,0.53
2627,97,5.45,0.16
2628,42,8.01,0.42
2629,47,0.45,0.81
2630,9,2.14,0.74
2631,14,7.21,0.46
2632,89,0.28,0.77
2633,40,7.29,0.09
2634,73,9.17,0.32
2635,14,6.56,0.12
2636,51,0.87,0.97
2637,85,2.88,0.44
2638,29,0.63,0.72
2639,81,5.6,0.84
2640,93,0.22,0.94
2641,11,5.27,0.62
2642,70,1.97,0.66
2643,85,8.62,0.59
2644,72,7.23,0.75
2645,61,1.24,0.44
2646,92,0.86,0.06
2647,71,8.08,0.18
2648,23,9.56,0.55
2649,58,7.71,0.52
2650,27,7.89,0.07
2651,52,0.85,0.28
2652,60,5.61,0.71
2653,73,7.76,0.44
2654,25,1.4,0.49
2655,37,7.18,0.44
2656,77,0.99,0.34
2657,61,7.03,0.33
2658,73,7.42,0.14
2659,39,0.31,0.06
2660,30,0.1,0.22
2661,73,4.79,0.65
2662,22,1.49,0.16
2663,38,5.18,0.07
2664,86,0.62,0.27
2665,36,6.38,0.09
2666,57,7.61,0.2
2667,65,2.72,0.8
2668,83,6.39,0.93
2669,76,4.57,0.69
2670,2,3.94,0.16
2671,26,9.06,0.83
2672,88,0.02,0.32
2673,32,3.58,0.79
2674,39,6.38,0.12
2675,15,3.45,0.6
2676,18,8.38,0.18
2677,30,3.22,0.44
2678,61,4.99,0.43
2679,17,7.4,0.15
2680,17,4.46,0.73
2681,80,4.57,0.53
2682,55,8.45,0.09
2683,36,8.4,0.79
2684,46,4.46,0.49
2685,25,3.65,0.97
2686,97,5.91,0.45
2687,43,3.42,0.8
2688,95,8.39,0.52
2689,98,3.58,0.98
2690,56,0.33,0.27
2691,22,8.5,0.3
2692,29,9.11,0.99
2693,65,1.38,0.51
2694,74,2.17,0.57
2695,17,7.54,0.21
2696,21,9,0.03
2697,49,4,0.34
2698,13,9.91,0.16
2699,53,4.49,0.89
2700,33,7.86,0.81
2701,6,7.09,0.34
2702,10,4.64,0.43
2703,68,9.28,0.71
2704,1,5.28,0.59
2705,44,1.69,0.82
2706,57,7.41,0.89
2707,92,4.39,0.46
2708,26,5.71,0.86
2709,19,4.43,0.15
2710,21,1.77,0.26
2711,62,9.76,0.79
2712,86,5.85,0.88
2713,100,5.59,0.53
2714,39,6.79,0.68
2715,61,3.72,0.37
2716,75,5.73,0.45
2717,10,6.88,0.21
2718,88,8.89,0.79
2719,34,9.74,0.57
2720,59,0,0.64
2721,4,0.94,0.48
2722,5,4.75,0.22
2723,9,5.96,0.95
2724,51,1.22,0.87
2725,19,9.59,0.29
2726,76,1.74,0.09
2727,60,8.75,0.05
2728,99,3.02,0.74
2729,43,6.74,0.79
2730,74,2.51,0.5
2731,95,2.68,0.47
2732,99,7.12,0.84
2733,28,7,0.55
2734,19,6.93,0.88
2735,12,9.31,0.78
2736,52,3.35,0.38
2737,36,3.83,0.86
2738,53,9,0.16
2739,50,0.92,0.51
2740,21,2.61,0.04
2741,78,7.26,0.82
2742,74,1.93,0.95
2743,60,1.49,0.76
2744,56,0.69,0.95
2745,30,2.48,0.87
2746,53,9.59,0.66
2747,14,3.61,0.51
2748,50,6.5,0.51
2749,54,6.23,0.31
2750,76,9.01,0.69
2751,55,0.33,0.27
2752,48,5.58,0.78
2753,14,5.29,0.62
2754,83,0.56,0.65
2755,24,4.73,0.45
2756,14,3.28,0.16
2757,56,1.69,0.86
2758,72,2.56,0.42
2759,36,6.72,0.83
2760,30,8.56,0.99
2761,62,3.65,0.15
2762,41,2.48,0.64
2763,52,4.51,0.1
2764,5,8.67,0.03
2765,44,6.12,0.19
2766,49,3.23,0.06
2767,15,8.87,0.31
2768,89,9.03,0.31
2769,21,5.08,0.5
2770,91,4.96,0.44
2771,53,4.04,0.51
2772,52,4.39,0.23
2773,70,3.85,0.49
2774,68,9.75,0.77
2775,69,2.7,1
2776,33,8.46,0.28
2777,10,5.39,0.78
2778,18,6.36,0.67
2779,23,9.92,0.46
2780,29,6.12,0.26
2781,18,2.45,0.22
2782,31,5.21,0.63
2783,69,5.38,0.88
2784,12,8.34,0
2785,71,7.43,0.37
2786,30,4.68,0.22
2787,45,8.09,0.67
2788,10,7.32,0.98
2789,98,0.92,0.08
2790,63,2.44,0.6
2791,35,0.18,0.84
2792,4,6.47,0.32
2793,54,1.73,0.91
2794,99,1.85,0.4
2795,57,1.39,0.62
2796,86,4.06,0.04
2797,14,0.31,0.51
2798,48,4.21,0.33
2799,30,2.5,0.5
2800,35,2.06,0.16
2801,46,4.89,0.38
2802,72,5.27,0.58
2803,38,2.04,0.78
2804,79,7.46,0.61
2805,87,3.53,0.65
2806,23,6.32,0.3
2807,44,2.09,0.72
2808,42,0.01,0.69
2809,56,0.8,0.31
2810,6,4,0.73
2811,64,9.76,0.57
2812,30,2.56,0.01
2813,18,8.59,0.05
2814,42,6.61,0.61
2815,34,7.38,0.54
2816,23,8.63,0.45
2817,57,2.5,0.55
2818,4,3.46,0.05
2819,96,5.38,0.24
2820,16,2.38,0.32
2821,4,4.74,0.25
2822,72,2.81,0.42
2823,24,7.63,0.17
2824,27,1.57,0.83
2825,23,7.08,0.08
2826,5,3.11,0.46
2827,90,9.91,0.86
2828,51,9.78,0.26
2829,88,9.46,0.06
2830,11,1.91,0.74
2831,81,8.64,0.61
2832,31,5.95,0.88
2833,51,8.42,0.13
2834,56,8.95,0.63
2835,56,6.98,0.9
2836,73,8.76,0.74
2837,58,0.26,0.32
2838,68,0.54,0.86
2839,51,1.4,0.16
2840,30,9.24,0.9
2841,91,0.7,0.48
2842,29,4.22,0.97
2843,60,7,0.38
2844,43,7.07,0.44
2845,42,9.73,0.05
2846,59,0.18,0.15
2847,28,8.83,0.84
2848,21,2.89,0.93
2849,86,1.86,0.96
2850,23,8.36,0.72
2851,79,9.2,0.56
2852,60,9.86,0.27
2853,57,4.23,0.81
2854,85,2.89,0.56
2855,47,7.21,0.84
2856,96,8.81,0.99
2857,41,7.28,0.16
2858,24,8.96,0.71
2859,88,9.97,0.58
2860,25,3.93,0.37
2861,98,5.32,0.08
2862,11,9.38,0.21
2863,14,8.53,0.71
2864,25,4.86,0.58
2865,73,0.71,0.36
2866,49,8.55,0.15
2867,39,0.58,0.88
2868,64,4.11,0.79
2869,2,7.12,0.57
2870,20,1.13,0.38
2871,43,7.21,0.25
2872,93,6.27,0.67
2873,1,2.64,0.61
2874,55,5.02,0.22
2875,78,0.17,0.26
2876,24,0.6,0.56
2877,2,3.82,0.14
2878,47,8.05,0.24
2879,33,0.41,0.9
2880,52,0.6,0.03
2881,21,9.14,0.92
2882,28,4.75,0.88
2883,72,2.74,0.97
2884,31,3.72,0.29
2885,11,9.5,0.13
2886,50,9.71,0.64
2887,66,5.12,0.86
2888,51,9.46,0.87
2889,15,1.02,0.93
2890,74,5.18,0.83
2891,38,1.61,0
2892,49,3.73,0.9
2893,96,0.41,0.08
2894,22,0.9,0.43
2895,76,0.04,0.75
2896,50,7.57,0.73
2897,59,4.29,0.96
2898,75,4.44,0.67
2899,84,0.53,0.32
2900,64,9.11,0.64
2901,75,5.19,0.51
2902,72,0.58,0.35
2903,39,0.2,0.45
2904,80,7.46,0.63
2905,50,4.5,0.94
2906,84,2.7,0.71
2907,14,8.18,0.33
2908,54,1.73,0.29
2909,27,3.1,0.47
2910,59,3.84,0.69
2911,96,7.97,0.53
2912,36,6.99,0.59
2913,74,2.59,0.87
2914,46,7.22,0.77
2915,92,8.89,0.65
2916,13,2.9,0.27
2917,8,9.85,0.16
2918,100,8.06,0.45
2919,66,4.46,0.19
2920,21,5.7,0.26
2921,73,2.84,0.73
2922,48,2.32,0.83
2923,84,1.61,0.36
2924,2,2.31,0.52
2925,8,1.44,0.78
2926,37,1.09,0.01
2927,4,1.45,0.23
2928,49,8.64,0.21
2929,83,8.35,0.4
2930,22,7.56,0.53
2931,23,5.38,0.98
2932,69,9.91,0.77
2933,80,4.08,0.16
2934,41,7.82,0.36
2935,37,6.44,0.76
2936,87,6.07,0.53
2937,6,9.3,0.09
2938,68,0.42,0.29
2939,69,6.31,0.75
2940,77,3.44,0.76
2941,41,4.71,0.79
2942,94,1.78,0.07
2943,72,5.45,0.49
2944,95,0.17,0.15
2945,74,6.24,0.77
2946,80,7.88,0.42
2947,98,3.71,0.79
2948,16,1.68,0.14
2949,4,1.62,0.17
2950,1,9.57,0.46
2951,91,1.45,0.78
2952,24,9.81,0.94
2953,48,3.49,0.44
2954,94,7.11,0.95
2955,78,1.44,0.02
2956,35,4.67,0.16
2957,22,7.16,0.12
2958,91,5.07,0.04
2959,62,1.89,0.76
2960,65,0.06,0.45
2961,79,1.46,1
2962,99,6.52,0.4
2963,99,2.48,0.47
2964,34,6.05,0.44
2965,28,9.58,0.98
2966,37,1.03,0.96
2967,26,6.03,0.08
2968,80,3.39,0.79
2969,14,1.34,0.3
2970,80,9.39,0.55
2971,84,2.03,0.24
2972,83,5.72,0.45
2973,63,5.06,0.09
2974,12,7.62,0.6
2975,56,7.33,0.67
2976,51,9.74,0.35
2977,79,5.46,0.37
2978,25,2.09,0.94
2979,41,2.84,0.21
2980,45,1.43,0.55
2981,50,0.13,0.01
2982,84,3.2,0.09
2983,2,4.47,0.48
2984,43,5.17,0.51
2985,27,8.16,0.29
2986,93,5.01,0.37
2987,69,4.1,0.63
2988,78,2.07,0.01
2989,52,4.61,0.56
2990,8,5.82,0.31
2991,71,5.38,0.32
2992,32,1.11,0.83
2993,25,7.08,0.21
2994,44,0.56,0.9
2995,30,4.33,0.56
2996,29,6.91,0.7
2997,83,8.31,0.72
2998,43,1.38,0.75
2999,74,4.05,0.06
3000,30,7.89,0.43
3001,96,9.66,0.32
3002,4,7.79,0.68
3003,41,3.23,0.72
3004,81,2.77,0.12
3005,70,5.26,0.94
3006,86,8.88,0.95
3007,32,7.43,0.18
3008,95,6.17,0.54
3009,82,4.95,0.02
3010,98,9.22,0.14
3011,65,7.57,0.81
3012,87,1.13,0.42
3013,88,4.17,0.03
3014,59,5.68,0.25
3015,21,0.9,0.49
3016,38,7.81,0.25
3017,91,3.14,0.62
3018,99,3.83,0.27
3019,89,9.51,0.94
3020,61,8.49,0.72
3021,8,7.31,0.46
3022,38,1.4,0.4
3023,16,5.16,0.74
